-- MySQL dump 10.13  Distrib 5.7.17, for osx10.12 (x86_64)
--
-- Host: localhost    Database: online51
-- ------------------------------------------------------
-- Server version	5.7.17

/*!40101 SET @OLD_CHARACTER_SET_CLIENT=@@CHARACTER_SET_CLIENT */;
/*!40101 SET @OLD_CHARACTER_SET_RESULTS=@@CHARACTER_SET_RESULTS */;
/*!40101 SET @OLD_COLLATION_CONNECTION=@@COLLATION_CONNECTION */;
/*!40101 SET NAMES utf8 */;
/*!40103 SET @OLD_TIME_ZONE=@@TIME_ZONE */;
/*!40103 SET TIME_ZONE='+00:00' */;
/*!40014 SET @OLD_UNIQUE_CHECKS=@@UNIQUE_CHECKS, UNIQUE_CHECKS=0 */;
/*!40014 SET @OLD_FOREIGN_KEY_CHECKS=@@FOREIGN_KEY_CHECKS, FOREIGN_KEY_CHECKS=0 */;
/*!40101 SET @OLD_SQL_MODE=@@SQL_MODE, SQL_MODE='NO_AUTO_VALUE_ON_ZERO' */;
/*!40111 SET @OLD_SQL_NOTES=@@SQL_NOTES, SQL_NOTES=0 */;

--
-- Table structure for table `ad`
--

DROP TABLE IF EXISTS `ad`;
/*!40101 SET @saved_cs_client     = @@character_set_client */;
/*!40101 SET character_set_client = utf8 */;
CREATE TABLE `ad` (
  `id` int(11) NOT NULL AUTO_INCREMENT,
  `media_id` int(11) DEFAULT NULL,
  `name` varchar(255) COLLATE utf8_unicode_ci NOT NULL,
  PRIMARY KEY (`id`),
  UNIQUE KEY `UNIQ_77E0ED58EA9FDD75` (`media_id`),
  CONSTRAINT `FK_77E0ED58EA9FDD75` FOREIGN KEY (`media_id`) REFERENCES `media__media` (`id`)
) ENGINE=InnoDB AUTO_INCREMENT=4 DEFAULT CHARSET=utf8 COLLATE=utf8_unicode_ci;
/*!40101 SET character_set_client = @saved_cs_client */;

--
-- Dumping data for table `ad`
--

LOCK TABLES `ad` WRITE;
/*!40000 ALTER TABLE `ad` DISABLE KEYS */;
INSERT INTO `ad` VALUES (1,1,'Ad 1'),(2,2,'Ad 2'),(3,3,'Ad 3');
/*!40000 ALTER TABLE `ad` ENABLE KEYS */;
UNLOCK TABLES;

--
-- Table structure for table `credits_usage`
--

DROP TABLE IF EXISTS `credits_usage`;
/*!40101 SET @saved_cs_client     = @@character_set_client */;
/*!40101 SET character_set_client = utf8 */;
CREATE TABLE `credits_usage` (
  `id` int(11) NOT NULL AUTO_INCREMENT,
  `user_id` int(11) NOT NULL,
  `document_id` int(11) DEFAULT NULL,
  `video_id` int(11) DEFAULT NULL,
  `formular_id` int(11) DEFAULT NULL,
  `media_id` int(11) DEFAULT NULL,
  `title` varchar(255) COLLATE utf8_unicode_ci DEFAULT NULL,
  `credit` int(11) NOT NULL,
  `mentions` varchar(255) COLLATE utf8_unicode_ci DEFAULT NULL,
  `created_at` datetime NOT NULL,
  `form_config` longtext COLLATE utf8_unicode_ci COMMENT '(DC2Type:json_array)',
  `is_form_config_finished` tinyint(1) NOT NULL DEFAULT '0',
  `form_data` longtext COLLATE utf8_unicode_ci COMMENT '(DC2Type:json_array)',
  `form_hash` varchar(32) COLLATE utf8_unicode_ci DEFAULT NULL,
  `expire_date` datetime DEFAULT NULL,
  `deleted` tinyint(1) NOT NULL DEFAULT '0',
  `deleted_at` datetime DEFAULT NULL,
  `usage_type` varchar(255) COLLATE utf8_unicode_ci DEFAULT NULL,
  PRIMARY KEY (`id`),
  KEY `IDX_63F80065A76ED395` (`user_id`),
  KEY `IDX_63F80065C33F7837` (`document_id`),
  KEY `IDX_63F8006529C1004E` (`video_id`),
  KEY `IDX_63F800655BB3F636` (`formular_id`),
  KEY `IDX_63F80065EA9FDD75` (`media_id`),
  CONSTRAINT `FK_63F8006529C1004E` FOREIGN KEY (`video_id`) REFERENCES `video` (`id`),
  CONSTRAINT `FK_63F800655BB3F636` FOREIGN KEY (`formular_id`) REFERENCES `formular` (`id`),
  CONSTRAINT `FK_63F80065A76ED395` FOREIGN KEY (`user_id`) REFERENCES `fos_user_user` (`id`),
  CONSTRAINT `FK_63F80065C33F7837` FOREIGN KEY (`document_id`) REFERENCES `document` (`id`),
  CONSTRAINT `FK_63F80065EA9FDD75` FOREIGN KEY (`media_id`) REFERENCES `media__media` (`id`)
) ENGINE=InnoDB AUTO_INCREMENT=10 DEFAULT CHARSET=utf8 COLLATE=utf8_unicode_ci;
/*!40101 SET character_set_client = @saved_cs_client */;

--
-- Dumping data for table `credits_usage`
--

LOCK TABLES `credits_usage` WRITE;
/*!40000 ALTER TABLE `credits_usage` DISABLE KEYS */;
INSERT INTO `credits_usage` VALUES (1,4,3,NULL,NULL,48,NULL,2,'Document deblocat de utilizator','2017-02-07 19:07:58',NULL,0,NULL,NULL,'2018-02-07 19:07:58',0,NULL,'document'),(2,4,NULL,NULL,1,NULL,NULL,2,'Formular deblocat de utilizator','2017-02-07 19:59:38','\"{\\\"an\\\":\\\"2017\\\",\\\"tip_deseu\\\":\\\"01 04 12\\\",\\\"operatia\\\":4,\\\"currentStepNumber\\\":4}\"',1,'\"{\\\"uniqueness\\\":[\\\"an\\\",\\\"tip_deseu\\\"],\\\"one_step_form_config\\\":true,\\\"luni\\\":[\\\"Ianuarie\\\",\\\"Februarie\\\",\\\"Martie\\\",\\\"Aprilie\\\",\\\"Mai\\\",\\\"Iunie\\\",\\\"Iulie\\\",\\\"August\\\",\\\"Septembrie\\\",\\\"Octombrie\\\",\\\"Noiembrie\\\",\\\"Decembrie\\\"],\\\"current_step\\\":\\\"4\\\",\\\"operatia\\\":\\\"4\\\",\\\"agent_economic\\\":\\\"PITECH\\\",\\\"an\\\":\\\"2017\\\",\\\"tip_deseu\\\":\\\"01. De\\\\u015feuri de la explorarea miniera \\\\u015fi a carierelor \\\\u015fi de la tratarea fizica \\\\u015fi chimica a mineralelor|01 04 de\\\\u015feuri de la procesarea fizica \\\\u015fi chimica a minereurilor nemetalifere||01 04 12 reziduuri \\\\u015fi alte de\\\\u015feuri de la spalarea \\\\u015fi purificarea minereurilor, altele dec\\\\u00e2t cele specificate la 01 04 07 \\\\u015fi 01 04 11\\\",\\\"tip_deseu_cod\\\":\\\"01 04 12\\\",\\\"stare_fizica\\\":\\\"solid\\\",\\\"unitate_masura\\\":\\\"metru-cub\\\",\\\"stocare_tip\\\":\\\"RM\\\",\\\"tratare_mod\\\":\\\"TM\\\",\\\"transport_mijloc\\\":\\\"AS\\\",\\\"transport_destinatie\\\":\\\"DO\\\",\\\"operatia_de_eliminare\\\":\\\"D1\\\",\\\"_e_g_d_company\\\":[{\\\"name\\\":\\\"ewf\\\",\\\"cantitate_deseu\\\":0}],\\\"last_year_in_stock\\\":\\\"0\\\",\\\"_e_g_d1_generare_deseuri\\\":[{\\\"luna\\\":\\\"Ianuarie\\\",\\\"cantitate_deseu_generate\\\":0,\\\"cantitate_deseu_valorificata\\\":0,\\\"cantitate_deseu_eliminata\\\":0,\\\"cantitate_deseu_in_stoc\\\":0,\\\"agent_economic\\\":[{\\\"name\\\":\\\"ewf\\\",\\\"cantitate_deseu\\\":0}]},{\\\"luna\\\":\\\"Februarie\\\",\\\"cantitate_deseu_generate\\\":0,\\\"cantitate_deseu_valorificata\\\":0,\\\"cantitate_deseu_eliminata\\\":0,\\\"cantitate_deseu_in_stoc\\\":0,\\\"agent_economic\\\":[{\\\"name\\\":\\\"ewf\\\",\\\"cantitate_deseu\\\":0}]},{\\\"luna\\\":\\\"Martie\\\",\\\"cantitate_deseu_generate\\\":0,\\\"cantitate_deseu_valorificata\\\":0,\\\"cantitate_deseu_eliminata\\\":0,\\\"cantitate_deseu_in_stoc\\\":0,\\\"agent_economic\\\":[{\\\"name\\\":\\\"ewf\\\",\\\"cantitate_deseu\\\":0}]},{\\\"luna\\\":\\\"Aprilie\\\",\\\"cantitate_deseu_generate\\\":0,\\\"cantitate_deseu_valorificata\\\":0,\\\"cantitate_deseu_eliminata\\\":0,\\\"cantitate_deseu_in_stoc\\\":0,\\\"agent_economic\\\":[{\\\"name\\\":\\\"ewf\\\",\\\"cantitate_deseu\\\":0}]},{\\\"luna\\\":\\\"Mai\\\",\\\"cantitate_deseu_generate\\\":32,\\\"cantitate_deseu_valorificata\\\":0,\\\"cantitate_deseu_eliminata\\\":21,\\\"cantitate_deseu_in_stoc\\\":0,\\\"agent_economic\\\":[{\\\"name\\\":\\\"ewf\\\",\\\"cantitate_deseu\\\":0}]},{\\\"luna\\\":\\\"Iunie\\\",\\\"cantitate_deseu_generate\\\":0,\\\"cantitate_deseu_valorificata\\\":0,\\\"cantitate_deseu_eliminata\\\":0,\\\"cantitate_deseu_in_stoc\\\":0,\\\"agent_economic\\\":[{\\\"name\\\":\\\"ewf\\\",\\\"cantitate_deseu\\\":0}]},{\\\"luna\\\":\\\"Iulie\\\",\\\"cantitate_deseu_generate\\\":0,\\\"cantitate_deseu_valorificata\\\":0,\\\"cantitate_deseu_eliminata\\\":0,\\\"cantitate_deseu_in_stoc\\\":0,\\\"agent_economic\\\":[{\\\"name\\\":\\\"ewf\\\",\\\"cantitate_deseu\\\":0}]},{\\\"luna\\\":\\\"August\\\",\\\"cantitate_deseu_generate\\\":0,\\\"cantitate_deseu_valorificata\\\":0,\\\"cantitate_deseu_eliminata\\\":0,\\\"cantitate_deseu_in_stoc\\\":0,\\\"agent_economic\\\":[{\\\"name\\\":\\\"ewf\\\",\\\"cantitate_deseu\\\":0}]},{\\\"luna\\\":\\\"Septembrie\\\",\\\"cantitate_deseu_generate\\\":0,\\\"cantitate_deseu_valorificata\\\":0,\\\"cantitate_deseu_eliminata\\\":0,\\\"cantitate_deseu_in_stoc\\\":0,\\\"agent_economic\\\":[{\\\"name\\\":\\\"ewf\\\",\\\"cantitate_deseu\\\":0}]},{\\\"luna\\\":\\\"Octombrie\\\",\\\"cantitate_deseu_generate\\\":0,\\\"cantitate_deseu_valorificata\\\":0,\\\"cantitate_deseu_eliminata\\\":0,\\\"cantitate_deseu_in_stoc\\\":0,\\\"agent_economic\\\":[{\\\"name\\\":\\\"ewf\\\",\\\"cantitate_deseu\\\":0}]},{\\\"luna\\\":\\\"Noiembrie\\\",\\\"cantitate_deseu_generate\\\":0,\\\"cantitate_deseu_valorificata\\\":0,\\\"cantitate_deseu_eliminata\\\":0,\\\"cantitate_deseu_in_stoc\\\":0,\\\"agent_economic\\\":[{\\\"name\\\":\\\"ewf\\\",\\\"cantitate_deseu\\\":0}]},{\\\"luna\\\":\\\"Decembrie\\\",\\\"cantitate_deseu_generate\\\":0,\\\"cantitate_deseu_valorificata\\\":0,\\\"cantitate_deseu_eliminata\\\":0,\\\"cantitate_deseu_in_stoc\\\":0,\\\"agent_economic\\\":[{\\\"name\\\":\\\"ewf\\\",\\\"cantitate_deseu\\\":0}]}],\\\"_e_g_d2_stocare_tratare_transport_deseuri\\\":[{\\\"luna\\\":\\\"Ianuarie\\\",\\\"stocare_cantitate\\\":0,\\\"tratare_cantitate\\\":0},{\\\"luna\\\":\\\"Februarie\\\",\\\"stocare_cantitate\\\":0,\\\"tratare_cantitate\\\":0},{\\\"luna\\\":\\\"Martie\\\",\\\"stocare_cantitate\\\":0,\\\"tratare_cantitate\\\":0},{\\\"luna\\\":\\\"Aprilie\\\",\\\"stocare_cantitate\\\":0,\\\"tratare_cantitate\\\":0},{\\\"luna\\\":\\\"Mai\\\",\\\"stocare_cantitate\\\":11,\\\"stocare_tip\\\":\\\"RM\\\",\\\"tratare_cantitate\\\":0,\\\"transport_mijloc\\\":\\\"AS\\\",\\\"transport_destinatie\\\":\\\"DO\\\"},{\\\"luna\\\":\\\"Iunie\\\",\\\"stocare_cantitate\\\":11,\\\"stocare_tip\\\":\\\"RM\\\",\\\"tratare_cantitate\\\":0},{\\\"luna\\\":\\\"Iulie\\\",\\\"stocare_cantitate\\\":11,\\\"stocare_tip\\\":\\\"RM\\\",\\\"tratare_cantitate\\\":0},{\\\"luna\\\":\\\"August\\\",\\\"stocare_cantitate\\\":11,\\\"stocare_tip\\\":\\\"RM\\\",\\\"tratare_cantitate\\\":0},{\\\"luna\\\":\\\"Septembrie\\\",\\\"stocare_cantitate\\\":11,\\\"stocare_tip\\\":\\\"RM\\\",\\\"tratare_cantitate\\\":0},{\\\"luna\\\":\\\"Octombrie\\\",\\\"stocare_cantitate\\\":11,\\\"stocare_tip\\\":\\\"RM\\\",\\\"tratare_cantitate\\\":0},{\\\"luna\\\":\\\"Noiembrie\\\",\\\"stocare_cantitate\\\":11,\\\"stocare_tip\\\":\\\"RM\\\",\\\"tratare_cantitate\\\":0},{\\\"luna\\\":\\\"Decembrie\\\",\\\"stocare_cantitate\\\":11,\\\"stocare_tip\\\":\\\"RM\\\",\\\"tratare_cantitate\\\":0}],\\\"_e_g_d3_valorificare_deseuri\\\":[{\\\"luna\\\":\\\"Ianuarie\\\",\\\"cantitate_deseu_valorificata\\\":0},{\\\"luna\\\":\\\"Februarie\\\",\\\"cantitate_deseu_valorificata\\\":0},{\\\"luna\\\":\\\"Martie\\\",\\\"cantitate_deseu_valorificata\\\":0},{\\\"luna\\\":\\\"Aprilie\\\",\\\"cantitate_deseu_valorificata\\\":0},{\\\"luna\\\":\\\"Mai\\\",\\\"cantitate_deseu_valorificata\\\":0},{\\\"luna\\\":\\\"Iunie\\\",\\\"cantitate_deseu_valorificata\\\":0},{\\\"luna\\\":\\\"Iulie\\\",\\\"cantitate_deseu_valorificata\\\":0},{\\\"luna\\\":\\\"August\\\",\\\"cantitate_deseu_valorificata\\\":0},{\\\"luna\\\":\\\"Septembrie\\\",\\\"cantitate_deseu_valorificata\\\":0},{\\\"luna\\\":\\\"Octombrie\\\",\\\"cantitate_deseu_valorificata\\\":0},{\\\"luna\\\":\\\"Noiembrie\\\",\\\"cantitate_deseu_valorificata\\\":0},{\\\"luna\\\":\\\"Decembrie\\\",\\\"cantitate_deseu_valorificata\\\":0}],\\\"_e_g_d4_eliminare_deseuri\\\":[{\\\"luna\\\":\\\"Ianuarie\\\",\\\"cantitate_deseu_eliminata\\\":0},{\\\"luna\\\":\\\"Februarie\\\",\\\"cantitate_deseu_eliminata\\\":0},{\\\"luna\\\":\\\"Martie\\\",\\\"cantitate_deseu_eliminata\\\":0},{\\\"luna\\\":\\\"Aprilie\\\",\\\"cantitate_deseu_eliminata\\\":0},{\\\"luna\\\":\\\"Mai\\\",\\\"cantitate_deseu_eliminata\\\":21,\\\"operatia_de_eliminare\\\":\\\"D1\\\",\\\"agent_economic_eliminare\\\":[{\\\"name\\\":\\\"ewf\\\",\\\"cantitate_deseu\\\":0}]},{\\\"luna\\\":\\\"Iunie\\\",\\\"cantitate_deseu_eliminata\\\":0},{\\\"luna\\\":\\\"Iulie\\\",\\\"cantitate_deseu_eliminata\\\":0},{\\\"luna\\\":\\\"August\\\",\\\"cantitate_deseu_eliminata\\\":0},{\\\"luna\\\":\\\"Septembrie\\\",\\\"cantitate_deseu_eliminata\\\":0},{\\\"luna\\\":\\\"Octombrie\\\",\\\"cantitate_deseu_eliminata\\\":0},{\\\"luna\\\":\\\"Noiembrie\\\",\\\"cantitate_deseu_eliminata\\\":0},{\\\"luna\\\":\\\"Decembrie\\\",\\\"cantitate_deseu_eliminata\\\":0}]}\"','68d1f12fb9c60b2511dc5ff45e365e84','2018-03-31 23:59:59',0,NULL,'formular'),(3,4,NULL,NULL,2,NULL,'Convocator CSSM 1221',0,'Formular deblocat de utilizator','2017-02-08 11:40:24','\"null\"',1,'\"{\\\"one_step_form_config\\\":true,\\\"company\\\":\\\"PITECH\\\",\\\"administrator\\\":[{\\\"gender\\\":\\\"\\\",\\\"name\\\":\\\"\\\",\\\"function\\\":\\\"\\\"}],\\\"secretary\\\":[{\\\"gender\\\":\\\"\\\",\\\"name\\\":\\\"\\\",\\\"function\\\":\\\"\\\"}],\\\"meeting_points\\\":[{\\\"meeting_point\\\":\\\"\\\",\\\"meeting_point_summary\\\":\\\"\\\"}],\\\"members\\\":[{\\\"gender\\\":\\\"\\\",\\\"name\\\":\\\"\\\",\\\"function\\\":\\\"\\\"}],\\\"doctor\\\":[{\\\"gender\\\":\\\"\\\",\\\"name\\\":\\\"\\\",\\\"function\\\":\\\"\\\"}]}\"','1bde6f5640092ce0b1f981ef6a354f98','2017-02-20 11:40:24',0,NULL,'formular'),(4,4,NULL,NULL,1,NULL,NULL,2,'Formular deblocat de utilizator','2017-02-08 18:07:41','\"{\\\"an\\\":\\\"2017\\\",\\\"tip_deseu\\\":\\\"01 04 12\\\",\\\"operatia\\\":4,\\\"currentStepNumber\\\":4}\"',1,'\"{\\\"start_year\\\":2015,\\\"one_step_form_config\\\":true,\\\"luni\\\":[\\\"Ianuarie\\\",\\\"Februarie\\\",\\\"Martie\\\",\\\"Aprilie\\\",\\\"Mai\\\",\\\"Iunie\\\",\\\"Iulie\\\",\\\"August\\\",\\\"Septembrie\\\",\\\"Octombrie\\\",\\\"Noiembrie\\\",\\\"Decembrie\\\"],\\\"current_step\\\":\\\"3\\\",\\\"operatia\\\":\\\"4\\\",\\\"agent_economic\\\":\\\"PITECH\\\",\\\"an\\\":\\\"2017\\\",\\\"tip_deseu\\\":\\\"01. De\\\\u015feuri de la explorarea miniera \\\\u015fi a carierelor \\\\u015fi de la tratarea fizica \\\\u015fi chimica a mineralelor|01 04 de\\\\u015feuri de la procesarea fizica \\\\u015fi chimica a minereurilor nemetalifere||01 04 12 reziduuri \\\\u015fi alte de\\\\u015feuri de la spalarea \\\\u015fi purificarea minereurilor, altele dec\\\\u00e2t cele specificate la 01 04 07 \\\\u015fi 01 04 11\\\",\\\"tip_deseu_cod\\\":\\\"01 04 12\\\",\\\"stare_fizica\\\":\\\"solid\\\",\\\"unitate_masura\\\":\\\"metru-cub\\\",\\\"stocare_tip\\\":\\\"RM\\\",\\\"tratare_mod\\\":\\\"TM\\\",\\\"transport_mijloc\\\":\\\"AS\\\",\\\"transport_destinatie\\\":\\\"DO\\\",\\\"operatia_de_valorificare\\\":\\\"R1\\\",\\\"operatia_de_eliminare\\\":\\\"D1\\\",\\\"last_year_in_stock\\\":\\\"0\\\",\\\"_e_g_d_company\\\":[{\\\"name\\\":\\\"tewewt\\\",\\\"cantitate_deseu\\\":0}],\\\"_e_g_d1_generare_deseuri\\\":[{\\\"luna\\\":\\\"Ianuarie\\\",\\\"cantitate_deseu_generate\\\":0,\\\"cantitate_deseu_valorificata\\\":0,\\\"cantitate_deseu_eliminata\\\":0,\\\"cantitate_deseu_in_stoc\\\":0,\\\"agent_economic\\\":[{\\\"name\\\":\\\"tewewt\\\",\\\"cantitate_deseu\\\":0}]},{\\\"luna\\\":\\\"Februarie\\\",\\\"cantitate_deseu_generate\\\":0,\\\"cantitate_deseu_valorificata\\\":0,\\\"cantitate_deseu_eliminata\\\":0,\\\"cantitate_deseu_in_stoc\\\":0,\\\"agent_economic\\\":[{\\\"name\\\":\\\"tewewt\\\",\\\"cantitate_deseu\\\":0}]},{\\\"luna\\\":\\\"Martie\\\",\\\"cantitate_deseu_generate\\\":0,\\\"cantitate_deseu_valorificata\\\":0,\\\"cantitate_deseu_eliminata\\\":0,\\\"cantitate_deseu_in_stoc\\\":0,\\\"agent_economic\\\":[{\\\"name\\\":\\\"tewewt\\\",\\\"cantitate_deseu\\\":0}]},{\\\"luna\\\":\\\"Aprilie\\\",\\\"cantitate_deseu_generate\\\":12,\\\"cantitate_deseu_valorificata\\\":0,\\\"cantitate_deseu_eliminata\\\":0,\\\"cantitate_deseu_in_stoc\\\":12,\\\"agent_economic\\\":[{\\\"name\\\":\\\"tewewt\\\",\\\"cantitate_deseu\\\":0}]},{\\\"luna\\\":\\\"Mai\\\",\\\"cantitate_deseu_generate\\\":32,\\\"cantitate_deseu_valorificata\\\":0,\\\"cantitate_deseu_eliminata\\\":0,\\\"cantitate_deseu_in_stoc\\\":44,\\\"agent_economic\\\":[{\\\"name\\\":\\\"tewewt\\\",\\\"cantitate_deseu\\\":0}]},{\\\"luna\\\":\\\"Iunie\\\",\\\"cantitate_deseu_generate\\\":0,\\\"cantitate_deseu_valorificata\\\":0,\\\"cantitate_deseu_eliminata\\\":0,\\\"cantitate_deseu_in_stoc\\\":44,\\\"agent_economic\\\":[{\\\"name\\\":\\\"tewewt\\\",\\\"cantitate_deseu\\\":0}]},{\\\"luna\\\":\\\"Iulie\\\",\\\"cantitate_deseu_generate\\\":0,\\\"cantitate_deseu_valorificata\\\":0,\\\"cantitate_deseu_eliminata\\\":12,\\\"cantitate_deseu_in_stoc\\\":32,\\\"agent_economic\\\":[{\\\"name\\\":\\\"tewewt\\\",\\\"cantitate_deseu\\\":0}]},{\\\"luna\\\":\\\"August\\\",\\\"cantitate_deseu_generate\\\":0,\\\"cantitate_deseu_valorificata\\\":0,\\\"cantitate_deseu_eliminata\\\":0,\\\"cantitate_deseu_in_stoc\\\":32,\\\"agent_economic\\\":[{\\\"name\\\":\\\"tewewt\\\",\\\"cantitate_deseu\\\":0}]},{\\\"luna\\\":\\\"Septembrie\\\",\\\"cantitate_deseu_generate\\\":0,\\\"cantitate_deseu_valorificata\\\":0,\\\"cantitate_deseu_eliminata\\\":0,\\\"cantitate_deseu_in_stoc\\\":32,\\\"agent_economic\\\":[{\\\"name\\\":\\\"tewewt\\\",\\\"cantitate_deseu\\\":0}]},{\\\"luna\\\":\\\"Octombrie\\\",\\\"cantitate_deseu_generate\\\":0,\\\"cantitate_deseu_valorificata\\\":0,\\\"cantitate_deseu_eliminata\\\":0,\\\"cantitate_deseu_in_stoc\\\":32,\\\"agent_economic\\\":[{\\\"name\\\":\\\"tewewt\\\",\\\"cantitate_deseu\\\":0}]},{\\\"luna\\\":\\\"Noiembrie\\\",\\\"cantitate_deseu_generate\\\":0,\\\"cantitate_deseu_valorificata\\\":0,\\\"cantitate_deseu_eliminata\\\":0,\\\"cantitate_deseu_in_stoc\\\":32,\\\"agent_economic\\\":[{\\\"name\\\":\\\"tewewt\\\",\\\"cantitate_deseu\\\":0}]},{\\\"luna\\\":\\\"Decembrie\\\",\\\"cantitate_deseu_generate\\\":0,\\\"cantitate_deseu_valorificata\\\":0,\\\"cantitate_deseu_eliminata\\\":0,\\\"cantitate_deseu_in_stoc\\\":32,\\\"agent_economic\\\":[{\\\"name\\\":\\\"tewewt\\\",\\\"cantitate_deseu\\\":0}]}],\\\"_e_g_d2_stocare_tratare_transport_deseuri\\\":[{\\\"luna\\\":\\\"Ianuarie\\\",\\\"stocare_cantitate\\\":0,\\\"tratare_cantitate\\\":0},{\\\"luna\\\":\\\"Februarie\\\",\\\"stocare_cantitate\\\":0,\\\"tratare_cantitate\\\":0},{\\\"luna\\\":\\\"Martie\\\",\\\"stocare_cantitate\\\":0,\\\"tratare_cantitate\\\":0},{\\\"luna\\\":\\\"Aprilie\\\",\\\"stocare_cantitate\\\":12,\\\"stocare_tip\\\":\\\"RM\\\",\\\"tratare_cantitate\\\":0},{\\\"luna\\\":\\\"Mai\\\",\\\"stocare_cantitate\\\":44,\\\"stocare_tip\\\":\\\"RM\\\",\\\"tratare_cantitate\\\":0},{\\\"luna\\\":\\\"Iunie\\\",\\\"stocare_cantitate\\\":44,\\\"stocare_tip\\\":\\\"RM\\\",\\\"tratare_cantitate\\\":0},{\\\"luna\\\":\\\"Iulie\\\",\\\"stocare_cantitate\\\":32,\\\"stocare_tip\\\":\\\"RM\\\",\\\"tratare_cantitate\\\":0,\\\"transport_mijloc\\\":\\\"AS\\\",\\\"transport_destinatie\\\":\\\"DO\\\"},{\\\"luna\\\":\\\"August\\\",\\\"stocare_cantitate\\\":32,\\\"stocare_tip\\\":\\\"RM\\\",\\\"tratare_cantitate\\\":0},{\\\"luna\\\":\\\"Septembrie\\\",\\\"stocare_cantitate\\\":32,\\\"stocare_tip\\\":\\\"RM\\\",\\\"tratare_cantitate\\\":0},{\\\"luna\\\":\\\"Octombrie\\\",\\\"stocare_cantitate\\\":32,\\\"stocare_tip\\\":\\\"RM\\\",\\\"tratare_cantitate\\\":0},{\\\"luna\\\":\\\"Noiembrie\\\",\\\"stocare_cantitate\\\":32,\\\"stocare_tip\\\":\\\"RM\\\",\\\"tratare_cantitate\\\":0},{\\\"luna\\\":\\\"Decembrie\\\",\\\"stocare_cantitate\\\":32,\\\"stocare_tip\\\":\\\"RM\\\",\\\"tratare_cantitate\\\":0}],\\\"_e_g_d3_valorificare_deseuri\\\":[{\\\"luna\\\":\\\"Ianuarie\\\",\\\"cantitate_deseu_valorificata\\\":0},{\\\"luna\\\":\\\"Februarie\\\",\\\"cantitate_deseu_valorificata\\\":0},{\\\"luna\\\":\\\"Martie\\\",\\\"cantitate_deseu_valorificata\\\":0},{\\\"luna\\\":\\\"Aprilie\\\",\\\"cantitate_deseu_valorificata\\\":0},{\\\"luna\\\":\\\"Mai\\\",\\\"cantitate_deseu_valorificata\\\":0},{\\\"luna\\\":\\\"Iunie\\\",\\\"cantitate_deseu_valorificata\\\":0},{\\\"luna\\\":\\\"Iulie\\\",\\\"cantitate_deseu_valorificata\\\":0},{\\\"luna\\\":\\\"August\\\",\\\"cantitate_deseu_valorificata\\\":0},{\\\"luna\\\":\\\"Septembrie\\\",\\\"cantitate_deseu_valorificata\\\":0},{\\\"luna\\\":\\\"Octombrie\\\",\\\"cantitate_deseu_valorificata\\\":0},{\\\"luna\\\":\\\"Noiembrie\\\",\\\"cantitate_deseu_valorificata\\\":0},{\\\"luna\\\":\\\"Decembrie\\\",\\\"cantitate_deseu_valorificata\\\":0}],\\\"_e_g_d4_eliminare_deseuri\\\":[{\\\"luna\\\":\\\"Ianuarie\\\",\\\"cantitate_deseu_eliminata\\\":0},{\\\"luna\\\":\\\"Februarie\\\",\\\"cantitate_deseu_eliminata\\\":0},{\\\"luna\\\":\\\"Martie\\\",\\\"cantitate_deseu_eliminata\\\":0},{\\\"luna\\\":\\\"Aprilie\\\",\\\"cantitate_deseu_eliminata\\\":0},{\\\"luna\\\":\\\"Mai\\\",\\\"cantitate_deseu_eliminata\\\":0},{\\\"luna\\\":\\\"Iunie\\\",\\\"cantitate_deseu_eliminata\\\":0},{\\\"luna\\\":\\\"Iulie\\\",\\\"cantitate_deseu_eliminata\\\":12,\\\"operatia_de_eliminare\\\":\\\"D1\\\",\\\"agent_economic_eliminare\\\":[{\\\"name\\\":\\\"tewewt\\\",\\\"cantitate_deseu\\\":0}]},{\\\"luna\\\":\\\"August\\\",\\\"cantitate_deseu_eliminata\\\":0},{\\\"luna\\\":\\\"Septembrie\\\",\\\"cantitate_deseu_eliminata\\\":0},{\\\"luna\\\":\\\"Octombrie\\\",\\\"cantitate_deseu_eliminata\\\":0},{\\\"luna\\\":\\\"Noiembrie\\\",\\\"cantitate_deseu_eliminata\\\":0},{\\\"luna\\\":\\\"Decembrie\\\",\\\"cantitate_deseu_eliminata\\\":0}]}\"','68d1f12fb9c60b2511dc5ff45e365e84','2018-03-31 23:59:59',0,NULL,'formular'),(5,4,NULL,NULL,1,NULL,NULL,2,'Formular deblocat de utilizator','2017-02-08 18:41:59','\"{\\\"an\\\":\\\"2017\\\",\\\"tip_deseu\\\":\\\"20 01 32\\\"}\"',1,'\"{\\\"start_year\\\":2015,\\\"one_step_form_config\\\":true,\\\"luni\\\":[\\\"Ianuarie\\\",\\\"Februarie\\\",\\\"Martie\\\",\\\"Aprilie\\\",\\\"Mai\\\",\\\"Iunie\\\",\\\"Iulie\\\",\\\"August\\\",\\\"Septembrie\\\",\\\"Octombrie\\\",\\\"Noiembrie\\\",\\\"Decembrie\\\"],\\\"current_step\\\":\\\"0\\\",\\\"agent_economic\\\":\\\"PITECH\\\",\\\"an\\\":\\\"2017\\\",\\\"tip_deseu\\\":\\\"20. De\\\\u015feuri municipale \\\\u015fi asimilabile din comer\\\\u0163, industrie, institu\\\\u0163ii, inclusiv frac\\\\u0163iuni colectate separat|20 01 frac\\\\u0163iuni colectate separat (cu excep\\\\u0163ia 15 01)||20 01 32 medicamente, altele dec\\\\u00e2t cele men\\\\u0163ionate la 20 01 31\\\",\\\"tip_deseu_cod\\\":\\\"20 01 32\\\",\\\"last_year_in_stock\\\":\\\"0\\\",\\\"_e_g_d1_generare_deseuri\\\":[{\\\"luna\\\":\\\"Ianuarie\\\",\\\"cantitate_deseu_generate\\\":0,\\\"cantitate_deseu_valorificata\\\":0,\\\"cantitate_deseu_eliminata\\\":0,\\\"cantitate_deseu_in_stoc\\\":0},{\\\"luna\\\":\\\"Februarie\\\",\\\"cantitate_deseu_generate\\\":0,\\\"cantitate_deseu_valorificata\\\":0,\\\"cantitate_deseu_eliminata\\\":0,\\\"cantitate_deseu_in_stoc\\\":0},{\\\"luna\\\":\\\"Martie\\\",\\\"cantitate_deseu_generate\\\":0,\\\"cantitate_deseu_valorificata\\\":0,\\\"cantitate_deseu_eliminata\\\":0,\\\"cantitate_deseu_in_stoc\\\":0},{\\\"luna\\\":\\\"Aprilie\\\",\\\"cantitate_deseu_generate\\\":0,\\\"cantitate_deseu_valorificata\\\":0,\\\"cantitate_deseu_eliminata\\\":0,\\\"cantitate_deseu_in_stoc\\\":0},{\\\"luna\\\":\\\"Mai\\\",\\\"cantitate_deseu_generate\\\":0,\\\"cantitate_deseu_valorificata\\\":0,\\\"cantitate_deseu_eliminata\\\":0,\\\"cantitate_deseu_in_stoc\\\":0},{\\\"luna\\\":\\\"Iunie\\\",\\\"cantitate_deseu_generate\\\":0,\\\"cantitate_deseu_valorificata\\\":0,\\\"cantitate_deseu_eliminata\\\":0,\\\"cantitate_deseu_in_stoc\\\":0},{\\\"luna\\\":\\\"Iulie\\\",\\\"cantitate_deseu_generate\\\":0,\\\"cantitate_deseu_valorificata\\\":0,\\\"cantitate_deseu_eliminata\\\":0,\\\"cantitate_deseu_in_stoc\\\":0},{\\\"luna\\\":\\\"August\\\",\\\"cantitate_deseu_generate\\\":0,\\\"cantitate_deseu_valorificata\\\":0,\\\"cantitate_deseu_eliminata\\\":0,\\\"cantitate_deseu_in_stoc\\\":0},{\\\"luna\\\":\\\"Septembrie\\\",\\\"cantitate_deseu_generate\\\":0,\\\"cantitate_deseu_valorificata\\\":0,\\\"cantitate_deseu_eliminata\\\":0,\\\"cantitate_deseu_in_stoc\\\":0},{\\\"luna\\\":\\\"Octombrie\\\",\\\"cantitate_deseu_generate\\\":0,\\\"cantitate_deseu_valorificata\\\":0,\\\"cantitate_deseu_eliminata\\\":0,\\\"cantitate_deseu_in_stoc\\\":0},{\\\"luna\\\":\\\"Noiembrie\\\",\\\"cantitate_deseu_generate\\\":0,\\\"cantitate_deseu_valorificata\\\":0,\\\"cantitate_deseu_eliminata\\\":0,\\\"cantitate_deseu_in_stoc\\\":0},{\\\"luna\\\":\\\"Decembrie\\\",\\\"cantitate_deseu_generate\\\":0,\\\"cantitate_deseu_valorificata\\\":0,\\\"cantitate_deseu_eliminata\\\":0,\\\"cantitate_deseu_in_stoc\\\":0}],\\\"_e_g_d2_stocare_tratare_transport_deseuri\\\":[{\\\"luna\\\":\\\"Ianuarie\\\",\\\"stocare_cantitate\\\":0,\\\"tratare_cantitate\\\":0},{\\\"luna\\\":\\\"Februarie\\\",\\\"stocare_cantitate\\\":0,\\\"tratare_cantitate\\\":0},{\\\"luna\\\":\\\"Martie\\\",\\\"stocare_cantitate\\\":0,\\\"tratare_cantitate\\\":0},{\\\"luna\\\":\\\"Aprilie\\\",\\\"stocare_cantitate\\\":0,\\\"tratare_cantitate\\\":0},{\\\"luna\\\":\\\"Mai\\\",\\\"stocare_cantitate\\\":0,\\\"tratare_cantitate\\\":0},{\\\"luna\\\":\\\"Iunie\\\",\\\"stocare_cantitate\\\":0,\\\"tratare_cantitate\\\":0},{\\\"luna\\\":\\\"Iulie\\\",\\\"stocare_cantitate\\\":0,\\\"tratare_cantitate\\\":0},{\\\"luna\\\":\\\"August\\\",\\\"stocare_cantitate\\\":0,\\\"tratare_cantitate\\\":0},{\\\"luna\\\":\\\"Septembrie\\\",\\\"stocare_cantitate\\\":0,\\\"tratare_cantitate\\\":0},{\\\"luna\\\":\\\"Octombrie\\\",\\\"stocare_cantitate\\\":0,\\\"tratare_cantitate\\\":0},{\\\"luna\\\":\\\"Noiembrie\\\",\\\"stocare_cantitate\\\":0,\\\"tratare_cantitate\\\":0},{\\\"luna\\\":\\\"Decembrie\\\",\\\"stocare_cantitate\\\":0,\\\"tratare_cantitate\\\":0}],\\\"_e_g_d3_valorificare_deseuri\\\":[{\\\"luna\\\":\\\"Ianuarie\\\",\\\"cantitate_deseu_valorificata\\\":0},{\\\"luna\\\":\\\"Februarie\\\",\\\"cantitate_deseu_valorificata\\\":0},{\\\"luna\\\":\\\"Martie\\\",\\\"cantitate_deseu_valorificata\\\":0},{\\\"luna\\\":\\\"Aprilie\\\",\\\"cantitate_deseu_valorificata\\\":0},{\\\"luna\\\":\\\"Mai\\\",\\\"cantitate_deseu_valorificata\\\":0},{\\\"luna\\\":\\\"Iunie\\\",\\\"cantitate_deseu_valorificata\\\":0},{\\\"luna\\\":\\\"Iulie\\\",\\\"cantitate_deseu_valorificata\\\":0},{\\\"luna\\\":\\\"August\\\",\\\"cantitate_deseu_valorificata\\\":0},{\\\"luna\\\":\\\"Septembrie\\\",\\\"cantitate_deseu_valorificata\\\":0},{\\\"luna\\\":\\\"Octombrie\\\",\\\"cantitate_deseu_valorificata\\\":0},{\\\"luna\\\":\\\"Noiembrie\\\",\\\"cantitate_deseu_valorificata\\\":0},{\\\"luna\\\":\\\"Decembrie\\\",\\\"cantitate_deseu_valorificata\\\":0}],\\\"_e_g_d4_eliminare_deseuri\\\":[{\\\"luna\\\":\\\"Ianuarie\\\",\\\"cantitate_deseu_eliminata\\\":0},{\\\"luna\\\":\\\"Februarie\\\",\\\"cantitate_deseu_eliminata\\\":0},{\\\"luna\\\":\\\"Martie\\\",\\\"cantitate_deseu_eliminata\\\":0},{\\\"luna\\\":\\\"Aprilie\\\",\\\"cantitate_deseu_eliminata\\\":0},{\\\"luna\\\":\\\"Mai\\\",\\\"cantitate_deseu_eliminata\\\":0},{\\\"luna\\\":\\\"Iunie\\\",\\\"cantitate_deseu_eliminata\\\":0},{\\\"luna\\\":\\\"Iulie\\\",\\\"cantitate_deseu_eliminata\\\":0},{\\\"luna\\\":\\\"August\\\",\\\"cantitate_deseu_eliminata\\\":0},{\\\"luna\\\":\\\"Septembrie\\\",\\\"cantitate_deseu_eliminata\\\":0},{\\\"luna\\\":\\\"Octombrie\\\",\\\"cantitate_deseu_eliminata\\\":0},{\\\"luna\\\":\\\"Noiembrie\\\",\\\"cantitate_deseu_eliminata\\\":0},{\\\"luna\\\":\\\"Decembrie\\\",\\\"cantitate_deseu_eliminata\\\":0}]}\"','91ba0add6e6f9534d78833b90041a026','2018-03-31 23:59:59',0,NULL,'formular'),(6,4,NULL,NULL,1,NULL,NULL,2,'Formular deblocat de utilizator','2017-02-08 19:17:02','\"{\\\"an\\\":\\\"2017\\\",\\\"tip_deseu\\\":\\\"07 02 08*\\\",\\\"operatia\\\":3,\\\"currentStepNumber\\\":2}\"',1,'\"{\\\"start_year\\\":2015,\\\"one_step_form_config\\\":true,\\\"luni\\\":[\\\"Ianuarie\\\",\\\"Februarie\\\",\\\"Martie\\\",\\\"Aprilie\\\",\\\"Mai\\\",\\\"Iunie\\\",\\\"Iulie\\\",\\\"August\\\",\\\"Septembrie\\\",\\\"Octombrie\\\",\\\"Noiembrie\\\",\\\"Decembrie\\\"],\\\"current_step\\\":\\\"1\\\",\\\"operatia\\\":\\\"3\\\",\\\"agent_economic\\\":\\\"PITECH\\\",\\\"an\\\":\\\"2017\\\",\\\"tip_deseu\\\":\\\"07. De\\\\u015feuri din procese chimice organice|07 02 de\\\\u015feuri de la PPFU materialelor plastice, cauciucului sintetic \\\\u015fi fibrelor artificiale||07 02 08* alte reziduuri din blazul coloanelor de reactie\\\",\\\"tip_deseu_cod\\\":\\\"07 02 08*\\\",\\\"last_year_in_stock\\\":\\\"0\\\",\\\"_e_g_d1_generare_deseuri\\\":[{\\\"luna\\\":\\\"Ianuarie\\\",\\\"cantitate_deseu_generate\\\":0,\\\"cantitate_deseu_valorificata\\\":0,\\\"cantitate_deseu_eliminata\\\":0,\\\"cantitate_deseu_in_stoc\\\":0},{\\\"luna\\\":\\\"Februarie\\\",\\\"cantitate_deseu_generate\\\":0,\\\"cantitate_deseu_valorificata\\\":0,\\\"cantitate_deseu_eliminata\\\":0,\\\"cantitate_deseu_in_stoc\\\":0},{\\\"luna\\\":\\\"Martie\\\",\\\"cantitate_deseu_generate\\\":0,\\\"cantitate_deseu_valorificata\\\":0,\\\"cantitate_deseu_eliminata\\\":0,\\\"cantitate_deseu_in_stoc\\\":0},{\\\"luna\\\":\\\"Aprilie\\\",\\\"cantitate_deseu_generate\\\":0,\\\"cantitate_deseu_valorificata\\\":0,\\\"cantitate_deseu_eliminata\\\":0,\\\"cantitate_deseu_in_stoc\\\":0},{\\\"luna\\\":\\\"Mai\\\",\\\"cantitate_deseu_generate\\\":0,\\\"cantitate_deseu_valorificata\\\":0,\\\"cantitate_deseu_eliminata\\\":0,\\\"cantitate_deseu_in_stoc\\\":0},{\\\"luna\\\":\\\"Iunie\\\",\\\"cantitate_deseu_generate\\\":0,\\\"cantitate_deseu_valorificata\\\":0,\\\"cantitate_deseu_eliminata\\\":0,\\\"cantitate_deseu_in_stoc\\\":0},{\\\"luna\\\":\\\"Iulie\\\",\\\"cantitate_deseu_generate\\\":0,\\\"cantitate_deseu_valorificata\\\":0,\\\"cantitate_deseu_eliminata\\\":0,\\\"cantitate_deseu_in_stoc\\\":0},{\\\"luna\\\":\\\"August\\\",\\\"cantitate_deseu_generate\\\":0,\\\"cantitate_deseu_valorificata\\\":0,\\\"cantitate_deseu_eliminata\\\":0,\\\"cantitate_deseu_in_stoc\\\":0},{\\\"luna\\\":\\\"Septembrie\\\",\\\"cantitate_deseu_generate\\\":0,\\\"cantitate_deseu_valorificata\\\":0,\\\"cantitate_deseu_eliminata\\\":0,\\\"cantitate_deseu_in_stoc\\\":0},{\\\"luna\\\":\\\"Octombrie\\\",\\\"cantitate_deseu_generate\\\":0,\\\"cantitate_deseu_valorificata\\\":0,\\\"cantitate_deseu_eliminata\\\":0,\\\"cantitate_deseu_in_stoc\\\":0},{\\\"luna\\\":\\\"Noiembrie\\\",\\\"cantitate_deseu_generate\\\":0,\\\"cantitate_deseu_valorificata\\\":0,\\\"cantitate_deseu_eliminata\\\":0,\\\"cantitate_deseu_in_stoc\\\":0},{\\\"luna\\\":\\\"Decembrie\\\",\\\"cantitate_deseu_generate\\\":0,\\\"cantitate_deseu_valorificata\\\":0,\\\"cantitate_deseu_eliminata\\\":0,\\\"cantitate_deseu_in_stoc\\\":0}],\\\"_e_g_d2_stocare_tratare_transport_deseuri\\\":[{\\\"luna\\\":\\\"Ianuarie\\\",\\\"stocare_cantitate\\\":0,\\\"tratare_cantitate\\\":0},{\\\"luna\\\":\\\"Februarie\\\",\\\"stocare_cantitate\\\":0,\\\"tratare_cantitate\\\":0},{\\\"luna\\\":\\\"Martie\\\",\\\"stocare_cantitate\\\":0,\\\"tratare_cantitate\\\":0},{\\\"luna\\\":\\\"Aprilie\\\",\\\"stocare_cantitate\\\":0,\\\"tratare_cantitate\\\":0},{\\\"luna\\\":\\\"Mai\\\",\\\"stocare_cantitate\\\":0,\\\"tratare_cantitate\\\":0},{\\\"luna\\\":\\\"Iunie\\\",\\\"stocare_cantitate\\\":0,\\\"tratare_cantitate\\\":0},{\\\"luna\\\":\\\"Iulie\\\",\\\"stocare_cantitate\\\":0,\\\"tratare_cantitate\\\":0},{\\\"luna\\\":\\\"August\\\",\\\"stocare_cantitate\\\":0,\\\"tratare_cantitate\\\":0},{\\\"luna\\\":\\\"Septembrie\\\",\\\"stocare_cantitate\\\":0,\\\"tratare_cantitate\\\":0},{\\\"luna\\\":\\\"Octombrie\\\",\\\"stocare_cantitate\\\":0,\\\"tratare_cantitate\\\":0},{\\\"luna\\\":\\\"Noiembrie\\\",\\\"stocare_cantitate\\\":0,\\\"tratare_cantitate\\\":0},{\\\"luna\\\":\\\"Decembrie\\\",\\\"stocare_cantitate\\\":0,\\\"tratare_cantitate\\\":0}],\\\"_e_g_d3_valorificare_deseuri\\\":[{\\\"luna\\\":\\\"Ianuarie\\\",\\\"cantitate_deseu_valorificata\\\":0},{\\\"luna\\\":\\\"Februarie\\\",\\\"cantitate_deseu_valorificata\\\":0},{\\\"luna\\\":\\\"Martie\\\",\\\"cantitate_deseu_valorificata\\\":0},{\\\"luna\\\":\\\"Aprilie\\\",\\\"cantitate_deseu_valorificata\\\":0},{\\\"luna\\\":\\\"Mai\\\",\\\"cantitate_deseu_valorificata\\\":0},{\\\"luna\\\":\\\"Iunie\\\",\\\"cantitate_deseu_valorificata\\\":0},{\\\"luna\\\":\\\"Iulie\\\",\\\"cantitate_deseu_valorificata\\\":0},{\\\"luna\\\":\\\"August\\\",\\\"cantitate_deseu_valorificata\\\":0},{\\\"luna\\\":\\\"Septembrie\\\",\\\"cantitate_deseu_valorificata\\\":0},{\\\"luna\\\":\\\"Octombrie\\\",\\\"cantitate_deseu_valorificata\\\":0},{\\\"luna\\\":\\\"Noiembrie\\\",\\\"cantitate_deseu_valorificata\\\":0},{\\\"luna\\\":\\\"Decembrie\\\",\\\"cantitate_deseu_valorificata\\\":0}],\\\"_e_g_d4_eliminare_deseuri\\\":[{\\\"luna\\\":\\\"Ianuarie\\\",\\\"cantitate_deseu_eliminata\\\":0},{\\\"luna\\\":\\\"Februarie\\\",\\\"cantitate_deseu_eliminata\\\":0},{\\\"luna\\\":\\\"Martie\\\",\\\"cantitate_deseu_eliminata\\\":0},{\\\"luna\\\":\\\"Aprilie\\\",\\\"cantitate_deseu_eliminata\\\":0},{\\\"luna\\\":\\\"Mai\\\",\\\"cantitate_deseu_eliminata\\\":0},{\\\"luna\\\":\\\"Iunie\\\",\\\"cantitate_deseu_eliminata\\\":0},{\\\"luna\\\":\\\"Iulie\\\",\\\"cantitate_deseu_eliminata\\\":0},{\\\"luna\\\":\\\"August\\\",\\\"cantitate_deseu_eliminata\\\":0},{\\\"luna\\\":\\\"Septembrie\\\",\\\"cantitate_deseu_eliminata\\\":0},{\\\"luna\\\":\\\"Octombrie\\\",\\\"cantitate_deseu_eliminata\\\":0},{\\\"luna\\\":\\\"Noiembrie\\\",\\\"cantitate_deseu_eliminata\\\":0},{\\\"luna\\\":\\\"Decembrie\\\",\\\"cantitate_deseu_eliminata\\\":0}]}\"','9c46d651b69fc81079698c480c6e156e','2018-03-31 23:59:59',0,NULL,'formular'),(7,4,NULL,NULL,1,NULL,NULL,2,'Formular deblocat de utilizator','2017-02-10 18:50:28','\"{\\\"an\\\":\\\"2017\\\",\\\"tip_deseu\\\":\\\"20 01 31*\\\"}\"',1,'\"{\\\"start_year\\\":2015,\\\"one_step_form_config\\\":true,\\\"luni\\\":[\\\"Ianuarie\\\",\\\"Februarie\\\",\\\"Martie\\\",\\\"Aprilie\\\",\\\"Mai\\\",\\\"Iunie\\\",\\\"Iulie\\\",\\\"August\\\",\\\"Septembrie\\\",\\\"Octombrie\\\",\\\"Noiembrie\\\",\\\"Decembrie\\\"],\\\"current_step\\\":\\\"0\\\",\\\"agent_economic\\\":\\\"PITECH\\\",\\\"an\\\":\\\"2017\\\",\\\"tip_deseu\\\":\\\"20. De\\\\u015feuri municipale \\\\u015fi asimilabile din comer\\\\u0163, industrie, institu\\\\u0163ii, inclusiv frac\\\\u0163iuni colectate separat|20 01 frac\\\\u0163iuni colectate separat (cu excep\\\\u0163ia 15 01)||20 01 31* medicamente citotoxice \\\\u015fi citostatice\\\",\\\"tip_deseu_cod\\\":\\\"20 01 31*\\\",\\\"last_year_in_stock\\\":\\\"0\\\",\\\"_e_g_d1_generare_deseuri\\\":[{\\\"luna\\\":\\\"Ianuarie\\\",\\\"cantitate_deseu_generate\\\":0,\\\"cantitate_deseu_valorificata\\\":0,\\\"cantitate_deseu_eliminata\\\":0,\\\"cantitate_deseu_in_stoc\\\":0},{\\\"luna\\\":\\\"Februarie\\\",\\\"cantitate_deseu_generate\\\":0,\\\"cantitate_deseu_valorificata\\\":0,\\\"cantitate_deseu_eliminata\\\":0,\\\"cantitate_deseu_in_stoc\\\":0},{\\\"luna\\\":\\\"Martie\\\",\\\"cantitate_deseu_generate\\\":0,\\\"cantitate_deseu_valorificata\\\":0,\\\"cantitate_deseu_eliminata\\\":0,\\\"cantitate_deseu_in_stoc\\\":0},{\\\"luna\\\":\\\"Aprilie\\\",\\\"cantitate_deseu_generate\\\":0,\\\"cantitate_deseu_valorificata\\\":0,\\\"cantitate_deseu_eliminata\\\":0,\\\"cantitate_deseu_in_stoc\\\":0},{\\\"luna\\\":\\\"Mai\\\",\\\"cantitate_deseu_generate\\\":0,\\\"cantitate_deseu_valorificata\\\":0,\\\"cantitate_deseu_eliminata\\\":0,\\\"cantitate_deseu_in_stoc\\\":0},{\\\"luna\\\":\\\"Iunie\\\",\\\"cantitate_deseu_generate\\\":0,\\\"cantitate_deseu_valorificata\\\":0,\\\"cantitate_deseu_eliminata\\\":0,\\\"cantitate_deseu_in_stoc\\\":0},{\\\"luna\\\":\\\"Iulie\\\",\\\"cantitate_deseu_generate\\\":0,\\\"cantitate_deseu_valorificata\\\":0,\\\"cantitate_deseu_eliminata\\\":0,\\\"cantitate_deseu_in_stoc\\\":0},{\\\"luna\\\":\\\"August\\\",\\\"cantitate_deseu_generate\\\":0,\\\"cantitate_deseu_valorificata\\\":0,\\\"cantitate_deseu_eliminata\\\":0,\\\"cantitate_deseu_in_stoc\\\":0},{\\\"luna\\\":\\\"Septembrie\\\",\\\"cantitate_deseu_generate\\\":0,\\\"cantitate_deseu_valorificata\\\":0,\\\"cantitate_deseu_eliminata\\\":0,\\\"cantitate_deseu_in_stoc\\\":0},{\\\"luna\\\":\\\"Octombrie\\\",\\\"cantitate_deseu_generate\\\":0,\\\"cantitate_deseu_valorificata\\\":0,\\\"cantitate_deseu_eliminata\\\":0,\\\"cantitate_deseu_in_stoc\\\":0},{\\\"luna\\\":\\\"Noiembrie\\\",\\\"cantitate_deseu_generate\\\":0,\\\"cantitate_deseu_valorificata\\\":0,\\\"cantitate_deseu_eliminata\\\":0,\\\"cantitate_deseu_in_stoc\\\":0},{\\\"luna\\\":\\\"Decembrie\\\",\\\"cantitate_deseu_generate\\\":0,\\\"cantitate_deseu_valorificata\\\":0,\\\"cantitate_deseu_eliminata\\\":0,\\\"cantitate_deseu_in_stoc\\\":0}],\\\"_e_g_d2_stocare_tratare_transport_deseuri\\\":[{\\\"luna\\\":\\\"Ianuarie\\\",\\\"stocare_cantitate\\\":0,\\\"tratare_cantitate\\\":0},{\\\"luna\\\":\\\"Februarie\\\",\\\"stocare_cantitate\\\":0,\\\"tratare_cantitate\\\":0},{\\\"luna\\\":\\\"Martie\\\",\\\"stocare_cantitate\\\":0,\\\"tratare_cantitate\\\":0},{\\\"luna\\\":\\\"Aprilie\\\",\\\"stocare_cantitate\\\":0,\\\"tratare_cantitate\\\":0},{\\\"luna\\\":\\\"Mai\\\",\\\"stocare_cantitate\\\":0,\\\"tratare_cantitate\\\":0},{\\\"luna\\\":\\\"Iunie\\\",\\\"stocare_cantitate\\\":0,\\\"tratare_cantitate\\\":0},{\\\"luna\\\":\\\"Iulie\\\",\\\"stocare_cantitate\\\":0,\\\"tratare_cantitate\\\":0},{\\\"luna\\\":\\\"August\\\",\\\"stocare_cantitate\\\":0,\\\"tratare_cantitate\\\":0},{\\\"luna\\\":\\\"Septembrie\\\",\\\"stocare_cantitate\\\":0,\\\"tratare_cantitate\\\":0},{\\\"luna\\\":\\\"Octombrie\\\",\\\"stocare_cantitate\\\":0,\\\"tratare_cantitate\\\":0},{\\\"luna\\\":\\\"Noiembrie\\\",\\\"stocare_cantitate\\\":0,\\\"tratare_cantitate\\\":0},{\\\"luna\\\":\\\"Decembrie\\\",\\\"stocare_cantitate\\\":0,\\\"tratare_cantitate\\\":0}],\\\"_e_g_d3_valorificare_deseuri\\\":[{\\\"luna\\\":\\\"Ianuarie\\\",\\\"cantitate_deseu_valorificata\\\":0},{\\\"luna\\\":\\\"Februarie\\\",\\\"cantitate_deseu_valorificata\\\":0},{\\\"luna\\\":\\\"Martie\\\",\\\"cantitate_deseu_valorificata\\\":0},{\\\"luna\\\":\\\"Aprilie\\\",\\\"cantitate_deseu_valorificata\\\":0},{\\\"luna\\\":\\\"Mai\\\",\\\"cantitate_deseu_valorificata\\\":0},{\\\"luna\\\":\\\"Iunie\\\",\\\"cantitate_deseu_valorificata\\\":0},{\\\"luna\\\":\\\"Iulie\\\",\\\"cantitate_deseu_valorificata\\\":0},{\\\"luna\\\":\\\"August\\\",\\\"cantitate_deseu_valorificata\\\":0},{\\\"luna\\\":\\\"Septembrie\\\",\\\"cantitate_deseu_valorificata\\\":0},{\\\"luna\\\":\\\"Octombrie\\\",\\\"cantitate_deseu_valorificata\\\":0},{\\\"luna\\\":\\\"Noiembrie\\\",\\\"cantitate_deseu_valorificata\\\":0},{\\\"luna\\\":\\\"Decembrie\\\",\\\"cantitate_deseu_valorificata\\\":0}],\\\"_e_g_d4_eliminare_deseuri\\\":[{\\\"luna\\\":\\\"Ianuarie\\\",\\\"cantitate_deseu_eliminata\\\":0},{\\\"luna\\\":\\\"Februarie\\\",\\\"cantitate_deseu_eliminata\\\":0},{\\\"luna\\\":\\\"Martie\\\",\\\"cantitate_deseu_eliminata\\\":0},{\\\"luna\\\":\\\"Aprilie\\\",\\\"cantitate_deseu_eliminata\\\":0},{\\\"luna\\\":\\\"Mai\\\",\\\"cantitate_deseu_eliminata\\\":0},{\\\"luna\\\":\\\"Iunie\\\",\\\"cantitate_deseu_eliminata\\\":0},{\\\"luna\\\":\\\"Iulie\\\",\\\"cantitate_deseu_eliminata\\\":0},{\\\"luna\\\":\\\"August\\\",\\\"cantitate_deseu_eliminata\\\":0},{\\\"luna\\\":\\\"Septembrie\\\",\\\"cantitate_deseu_eliminata\\\":0},{\\\"luna\\\":\\\"Octombrie\\\",\\\"cantitate_deseu_eliminata\\\":0},{\\\"luna\\\":\\\"Noiembrie\\\",\\\"cantitate_deseu_eliminata\\\":0},{\\\"luna\\\":\\\"Decembrie\\\",\\\"cantitate_deseu_eliminata\\\":0}]}\"','348cff3136ca860c3904d36c5ecd389a','2018-03-31 23:59:59',0,NULL,'formular'),(8,4,NULL,NULL,1,NULL,NULL,2,'Formular deblocat de utilizator','2017-02-10 19:14:50','\"{\\\"an\\\":\\\"2017\\\",\\\"tip_deseu\\\":\\\"20 01 32\\\",\\\"operatia\\\":4,\\\"currentStepNumber\\\":2}\"',1,'\"{\\\"start_year\\\":2015,\\\"one_step_form_config\\\":true,\\\"luni\\\":[\\\"Ianuarie\\\",\\\"Februarie\\\",\\\"Martie\\\",\\\"Aprilie\\\",\\\"Mai\\\",\\\"Iunie\\\",\\\"Iulie\\\",\\\"August\\\",\\\"Septembrie\\\",\\\"Octombrie\\\",\\\"Noiembrie\\\",\\\"Decembrie\\\"],\\\"current_step\\\":\\\"1\\\",\\\"operatia\\\":\\\"4\\\",\\\"agent_economic\\\":\\\"PITECH\\\",\\\"an\\\":\\\"2017\\\",\\\"tip_deseu\\\":\\\"20. De\\\\u015feuri municipale \\\\u015fi asimilabile din comer\\\\u0163, industrie, institu\\\\u0163ii, inclusiv frac\\\\u0163iuni colectate separat|20 01 frac\\\\u0163iuni colectate separat (cu excep\\\\u0163ia 15 01)||20 01 32 medicamente, altele dec\\\\u00e2t cele men\\\\u0163ionate la 20 01 31\\\",\\\"tip_deseu_cod\\\":\\\"20 01 32\\\",\\\"last_year_in_stock\\\":\\\"0\\\",\\\"_e_g_d1_generare_deseuri\\\":[{\\\"luna\\\":\\\"Ianuarie\\\",\\\"cantitate_deseu_generate\\\":0,\\\"cantitate_deseu_valorificata\\\":0,\\\"cantitate_deseu_eliminata\\\":0,\\\"cantitate_deseu_in_stoc\\\":0},{\\\"luna\\\":\\\"Februarie\\\",\\\"cantitate_deseu_generate\\\":0,\\\"cantitate_deseu_valorificata\\\":0,\\\"cantitate_deseu_eliminata\\\":0,\\\"cantitate_deseu_in_stoc\\\":0},{\\\"luna\\\":\\\"Martie\\\",\\\"cantitate_deseu_generate\\\":0,\\\"cantitate_deseu_valorificata\\\":0,\\\"cantitate_deseu_eliminata\\\":0,\\\"cantitate_deseu_in_stoc\\\":0},{\\\"luna\\\":\\\"Aprilie\\\",\\\"cantitate_deseu_generate\\\":0,\\\"cantitate_deseu_valorificata\\\":0,\\\"cantitate_deseu_eliminata\\\":0,\\\"cantitate_deseu_in_stoc\\\":0},{\\\"luna\\\":\\\"Mai\\\",\\\"cantitate_deseu_generate\\\":0,\\\"cantitate_deseu_valorificata\\\":0,\\\"cantitate_deseu_eliminata\\\":0,\\\"cantitate_deseu_in_stoc\\\":0},{\\\"luna\\\":\\\"Iunie\\\",\\\"cantitate_deseu_generate\\\":0,\\\"cantitate_deseu_valorificata\\\":0,\\\"cantitate_deseu_eliminata\\\":0,\\\"cantitate_deseu_in_stoc\\\":0},{\\\"luna\\\":\\\"Iulie\\\",\\\"cantitate_deseu_generate\\\":0,\\\"cantitate_deseu_valorificata\\\":0,\\\"cantitate_deseu_eliminata\\\":0,\\\"cantitate_deseu_in_stoc\\\":0},{\\\"luna\\\":\\\"August\\\",\\\"cantitate_deseu_generate\\\":0,\\\"cantitate_deseu_valorificata\\\":0,\\\"cantitate_deseu_eliminata\\\":0,\\\"cantitate_deseu_in_stoc\\\":0},{\\\"luna\\\":\\\"Septembrie\\\",\\\"cantitate_deseu_generate\\\":0,\\\"cantitate_deseu_valorificata\\\":0,\\\"cantitate_deseu_eliminata\\\":0,\\\"cantitate_deseu_in_stoc\\\":0},{\\\"luna\\\":\\\"Octombrie\\\",\\\"cantitate_deseu_generate\\\":0,\\\"cantitate_deseu_valorificata\\\":0,\\\"cantitate_deseu_eliminata\\\":0,\\\"cantitate_deseu_in_stoc\\\":0},{\\\"luna\\\":\\\"Noiembrie\\\",\\\"cantitate_deseu_generate\\\":0,\\\"cantitate_deseu_valorificata\\\":0,\\\"cantitate_deseu_eliminata\\\":0,\\\"cantitate_deseu_in_stoc\\\":0},{\\\"luna\\\":\\\"Decembrie\\\",\\\"cantitate_deseu_generate\\\":0,\\\"cantitate_deseu_valorificata\\\":0,\\\"cantitate_deseu_eliminata\\\":0,\\\"cantitate_deseu_in_stoc\\\":0}],\\\"_e_g_d2_stocare_tratare_transport_deseuri\\\":[{\\\"luna\\\":\\\"Ianuarie\\\",\\\"stocare_cantitate\\\":0,\\\"tratare_cantitate\\\":0},{\\\"luna\\\":\\\"Februarie\\\",\\\"stocare_cantitate\\\":0,\\\"tratare_cantitate\\\":0},{\\\"luna\\\":\\\"Martie\\\",\\\"stocare_cantitate\\\":0,\\\"tratare_cantitate\\\":0},{\\\"luna\\\":\\\"Aprilie\\\",\\\"stocare_cantitate\\\":0,\\\"tratare_cantitate\\\":0},{\\\"luna\\\":\\\"Mai\\\",\\\"stocare_cantitate\\\":0,\\\"tratare_cantitate\\\":0},{\\\"luna\\\":\\\"Iunie\\\",\\\"stocare_cantitate\\\":0,\\\"tratare_cantitate\\\":0},{\\\"luna\\\":\\\"Iulie\\\",\\\"stocare_cantitate\\\":0,\\\"tratare_cantitate\\\":0},{\\\"luna\\\":\\\"August\\\",\\\"stocare_cantitate\\\":0,\\\"tratare_cantitate\\\":0},{\\\"luna\\\":\\\"Septembrie\\\",\\\"stocare_cantitate\\\":0,\\\"tratare_cantitate\\\":0},{\\\"luna\\\":\\\"Octombrie\\\",\\\"stocare_cantitate\\\":0,\\\"tratare_cantitate\\\":0},{\\\"luna\\\":\\\"Noiembrie\\\",\\\"stocare_cantitate\\\":0,\\\"tratare_cantitate\\\":0},{\\\"luna\\\":\\\"Decembrie\\\",\\\"stocare_cantitate\\\":0,\\\"tratare_cantitate\\\":0}],\\\"_e_g_d3_valorificare_deseuri\\\":[{\\\"luna\\\":\\\"Ianuarie\\\",\\\"cantitate_deseu_valorificata\\\":0},{\\\"luna\\\":\\\"Februarie\\\",\\\"cantitate_deseu_valorificata\\\":0},{\\\"luna\\\":\\\"Martie\\\",\\\"cantitate_deseu_valorificata\\\":0},{\\\"luna\\\":\\\"Aprilie\\\",\\\"cantitate_deseu_valorificata\\\":0},{\\\"luna\\\":\\\"Mai\\\",\\\"cantitate_deseu_valorificata\\\":0},{\\\"luna\\\":\\\"Iunie\\\",\\\"cantitate_deseu_valorificata\\\":0},{\\\"luna\\\":\\\"Iulie\\\",\\\"cantitate_deseu_valorificata\\\":0},{\\\"luna\\\":\\\"August\\\",\\\"cantitate_deseu_valorificata\\\":0},{\\\"luna\\\":\\\"Septembrie\\\",\\\"cantitate_deseu_valorificata\\\":0},{\\\"luna\\\":\\\"Octombrie\\\",\\\"cantitate_deseu_valorificata\\\":0},{\\\"luna\\\":\\\"Noiembrie\\\",\\\"cantitate_deseu_valorificata\\\":0},{\\\"luna\\\":\\\"Decembrie\\\",\\\"cantitate_deseu_valorificata\\\":0}],\\\"_e_g_d4_eliminare_deseuri\\\":[{\\\"luna\\\":\\\"Ianuarie\\\",\\\"cantitate_deseu_eliminata\\\":0},{\\\"luna\\\":\\\"Februarie\\\",\\\"cantitate_deseu_eliminata\\\":0},{\\\"luna\\\":\\\"Martie\\\",\\\"cantitate_deseu_eliminata\\\":0},{\\\"luna\\\":\\\"Aprilie\\\",\\\"cantitate_deseu_eliminata\\\":0},{\\\"luna\\\":\\\"Mai\\\",\\\"cantitate_deseu_eliminata\\\":0},{\\\"luna\\\":\\\"Iunie\\\",\\\"cantitate_deseu_eliminata\\\":0},{\\\"luna\\\":\\\"Iulie\\\",\\\"cantitate_deseu_eliminata\\\":0},{\\\"luna\\\":\\\"August\\\",\\\"cantitate_deseu_eliminata\\\":0},{\\\"luna\\\":\\\"Septembrie\\\",\\\"cantitate_deseu_eliminata\\\":0},{\\\"luna\\\":\\\"Octombrie\\\",\\\"cantitate_deseu_eliminata\\\":0},{\\\"luna\\\":\\\"Noiembrie\\\",\\\"cantitate_deseu_eliminata\\\":0},{\\\"luna\\\":\\\"Decembrie\\\",\\\"cantitate_deseu_eliminata\\\":0}]}\"','91ba0add6e6f9534d78833b90041a026','2018-03-31 23:59:59',0,NULL,'formular'),(9,4,NULL,NULL,1,NULL,NULL,2,'Formular deblocat de utilizator','2017-02-10 19:16:22','\"{\\\"an\\\":\\\"2017\\\",\\\"tip_deseu\\\":\\\"03 01 04*\\\"}\"',1,'\"{\\\"start_year\\\":2015,\\\"one_step_form_config\\\":true,\\\"luni\\\":[\\\"Ianuarie\\\",\\\"Februarie\\\",\\\"Martie\\\",\\\"Aprilie\\\",\\\"Mai\\\",\\\"Iunie\\\",\\\"Iulie\\\",\\\"August\\\",\\\"Septembrie\\\",\\\"Octombrie\\\",\\\"Noiembrie\\\",\\\"Decembrie\\\"],\\\"current_step\\\":\\\"0\\\",\\\"agent_economic\\\":\\\"PITECH\\\",\\\"an\\\":\\\"2017\\\",\\\"tip_deseu\\\":\\\"03. De\\\\u015feuri de la prelucrarea lemnului \\\\u015fi producerea placilor \\\\u015fi mobilei, pastei de h\\\\u00e2rtie, h\\\\u00e2rtiei \\\\u015fi cartonului|03 01 de\\\\u015feuri de la procesarea lemnului \\\\u015fi producerea placilor \\\\u015fi mobilei||03 01 04* rumegus, talas, aschii, resturi de scandura \\\\u015fi furnir cu con\\\\u0163inut de substan\\\\u0163e periculoase\\\",\\\"tip_deseu_cod\\\":\\\"03 01 04*\\\",\\\"last_year_in_stock\\\":\\\"0\\\",\\\"_e_g_d1_generare_deseuri\\\":[{\\\"luna\\\":\\\"Ianuarie\\\",\\\"cantitate_deseu_generate\\\":0,\\\"cantitate_deseu_valorificata\\\":0,\\\"cantitate_deseu_eliminata\\\":0,\\\"cantitate_deseu_in_stoc\\\":0},{\\\"luna\\\":\\\"Februarie\\\",\\\"cantitate_deseu_generate\\\":0,\\\"cantitate_deseu_valorificata\\\":0,\\\"cantitate_deseu_eliminata\\\":0,\\\"cantitate_deseu_in_stoc\\\":0},{\\\"luna\\\":\\\"Martie\\\",\\\"cantitate_deseu_generate\\\":0,\\\"cantitate_deseu_valorificata\\\":0,\\\"cantitate_deseu_eliminata\\\":0,\\\"cantitate_deseu_in_stoc\\\":0},{\\\"luna\\\":\\\"Aprilie\\\",\\\"cantitate_deseu_generate\\\":0,\\\"cantitate_deseu_valorificata\\\":0,\\\"cantitate_deseu_eliminata\\\":0,\\\"cantitate_deseu_in_stoc\\\":0},{\\\"luna\\\":\\\"Mai\\\",\\\"cantitate_deseu_generate\\\":0,\\\"cantitate_deseu_valorificata\\\":0,\\\"cantitate_deseu_eliminata\\\":0,\\\"cantitate_deseu_in_stoc\\\":0},{\\\"luna\\\":\\\"Iunie\\\",\\\"cantitate_deseu_generate\\\":0,\\\"cantitate_deseu_valorificata\\\":0,\\\"cantitate_deseu_eliminata\\\":0,\\\"cantitate_deseu_in_stoc\\\":0},{\\\"luna\\\":\\\"Iulie\\\",\\\"cantitate_deseu_generate\\\":0,\\\"cantitate_deseu_valorificata\\\":0,\\\"cantitate_deseu_eliminata\\\":0,\\\"cantitate_deseu_in_stoc\\\":0},{\\\"luna\\\":\\\"August\\\",\\\"cantitate_deseu_generate\\\":0,\\\"cantitate_deseu_valorificata\\\":0,\\\"cantitate_deseu_eliminata\\\":0,\\\"cantitate_deseu_in_stoc\\\":0},{\\\"luna\\\":\\\"Septembrie\\\",\\\"cantitate_deseu_generate\\\":0,\\\"cantitate_deseu_valorificata\\\":0,\\\"cantitate_deseu_eliminata\\\":0,\\\"cantitate_deseu_in_stoc\\\":0},{\\\"luna\\\":\\\"Octombrie\\\",\\\"cantitate_deseu_generate\\\":0,\\\"cantitate_deseu_valorificata\\\":0,\\\"cantitate_deseu_eliminata\\\":0,\\\"cantitate_deseu_in_stoc\\\":0},{\\\"luna\\\":\\\"Noiembrie\\\",\\\"cantitate_deseu_generate\\\":0,\\\"cantitate_deseu_valorificata\\\":0,\\\"cantitate_deseu_eliminata\\\":0,\\\"cantitate_deseu_in_stoc\\\":0},{\\\"luna\\\":\\\"Decembrie\\\",\\\"cantitate_deseu_generate\\\":0,\\\"cantitate_deseu_valorificata\\\":0,\\\"cantitate_deseu_eliminata\\\":0,\\\"cantitate_deseu_in_stoc\\\":0}],\\\"_e_g_d2_stocare_tratare_transport_deseuri\\\":[{\\\"luna\\\":\\\"Ianuarie\\\",\\\"stocare_cantitate\\\":0,\\\"tratare_cantitate\\\":0},{\\\"luna\\\":\\\"Februarie\\\",\\\"stocare_cantitate\\\":0,\\\"tratare_cantitate\\\":0},{\\\"luna\\\":\\\"Martie\\\",\\\"stocare_cantitate\\\":0,\\\"tratare_cantitate\\\":0},{\\\"luna\\\":\\\"Aprilie\\\",\\\"stocare_cantitate\\\":0,\\\"tratare_cantitate\\\":0},{\\\"luna\\\":\\\"Mai\\\",\\\"stocare_cantitate\\\":0,\\\"tratare_cantitate\\\":0},{\\\"luna\\\":\\\"Iunie\\\",\\\"stocare_cantitate\\\":0,\\\"tratare_cantitate\\\":0},{\\\"luna\\\":\\\"Iulie\\\",\\\"stocare_cantitate\\\":0,\\\"tratare_cantitate\\\":0},{\\\"luna\\\":\\\"August\\\",\\\"stocare_cantitate\\\":0,\\\"tratare_cantitate\\\":0},{\\\"luna\\\":\\\"Septembrie\\\",\\\"stocare_cantitate\\\":0,\\\"tratare_cantitate\\\":0},{\\\"luna\\\":\\\"Octombrie\\\",\\\"stocare_cantitate\\\":0,\\\"tratare_cantitate\\\":0},{\\\"luna\\\":\\\"Noiembrie\\\",\\\"stocare_cantitate\\\":0,\\\"tratare_cantitate\\\":0},{\\\"luna\\\":\\\"Decembrie\\\",\\\"stocare_cantitate\\\":0,\\\"tratare_cantitate\\\":0}],\\\"_e_g_d3_valorificare_deseuri\\\":[{\\\"luna\\\":\\\"Ianuarie\\\",\\\"cantitate_deseu_valorificata\\\":0},{\\\"luna\\\":\\\"Februarie\\\",\\\"cantitate_deseu_valorificata\\\":0},{\\\"luna\\\":\\\"Martie\\\",\\\"cantitate_deseu_valorificata\\\":0},{\\\"luna\\\":\\\"Aprilie\\\",\\\"cantitate_deseu_valorificata\\\":0},{\\\"luna\\\":\\\"Mai\\\",\\\"cantitate_deseu_valorificata\\\":0},{\\\"luna\\\":\\\"Iunie\\\",\\\"cantitate_deseu_valorificata\\\":0},{\\\"luna\\\":\\\"Iulie\\\",\\\"cantitate_deseu_valorificata\\\":0},{\\\"luna\\\":\\\"August\\\",\\\"cantitate_deseu_valorificata\\\":0},{\\\"luna\\\":\\\"Septembrie\\\",\\\"cantitate_deseu_valorificata\\\":0},{\\\"luna\\\":\\\"Octombrie\\\",\\\"cantitate_deseu_valorificata\\\":0},{\\\"luna\\\":\\\"Noiembrie\\\",\\\"cantitate_deseu_valorificata\\\":0},{\\\"luna\\\":\\\"Decembrie\\\",\\\"cantitate_deseu_valorificata\\\":0}],\\\"_e_g_d4_eliminare_deseuri\\\":[{\\\"luna\\\":\\\"Ianuarie\\\",\\\"cantitate_deseu_eliminata\\\":0},{\\\"luna\\\":\\\"Februarie\\\",\\\"cantitate_deseu_eliminata\\\":0},{\\\"luna\\\":\\\"Martie\\\",\\\"cantitate_deseu_eliminata\\\":0},{\\\"luna\\\":\\\"Aprilie\\\",\\\"cantitate_deseu_eliminata\\\":0},{\\\"luna\\\":\\\"Mai\\\",\\\"cantitate_deseu_eliminata\\\":0},{\\\"luna\\\":\\\"Iunie\\\",\\\"cantitate_deseu_eliminata\\\":0},{\\\"luna\\\":\\\"Iulie\\\",\\\"cantitate_deseu_eliminata\\\":0},{\\\"luna\\\":\\\"August\\\",\\\"cantitate_deseu_eliminata\\\":0},{\\\"luna\\\":\\\"Septembrie\\\",\\\"cantitate_deseu_eliminata\\\":0},{\\\"luna\\\":\\\"Octombrie\\\",\\\"cantitate_deseu_eliminata\\\":0},{\\\"luna\\\":\\\"Noiembrie\\\",\\\"cantitate_deseu_eliminata\\\":0},{\\\"luna\\\":\\\"Decembrie\\\",\\\"cantitate_deseu_eliminata\\\":0}]}\"','3f1ab6909c4dc391e20a898ca7c720ac','2018-03-31 23:59:59',0,NULL,'formular');
/*!40000 ALTER TABLE `credits_usage` ENABLE KEYS */;
UNLOCK TABLES;

--
-- Table structure for table `document`
--

DROP TABLE IF EXISTS `document`;
/*!40101 SET @saved_cs_client     = @@character_set_client */;
/*!40101 SET character_set_client = utf8 */;
CREATE TABLE `document` (
  `id` int(11) NOT NULL AUTO_INCREMENT,
  `media_id` int(11) DEFAULT NULL,
  `subdomain_id` int(11) DEFAULT NULL,
  `name` varchar(255) COLLATE utf8_unicode_ci NOT NULL,
  `credit_value` int(11) NOT NULL,
  `valability_days` int(11) DEFAULT NULL,
  `deleted` tinyint(1) NOT NULL DEFAULT '0',
  `deleted_at` datetime DEFAULT NULL,
  PRIMARY KEY (`id`),
  UNIQUE KEY `UNIQ_D8698A76EA9FDD75` (`media_id`),
  KEY `IDX_D8698A768530A5DC` (`subdomain_id`),
  CONSTRAINT `FK_D8698A768530A5DC` FOREIGN KEY (`subdomain_id`) REFERENCES `sub_domain` (`id`),
  CONSTRAINT `FK_D8698A76EA9FDD75` FOREIGN KEY (`media_id`) REFERENCES `media__media` (`id`)
) ENGINE=InnoDB AUTO_INCREMENT=4 DEFAULT CHARSET=utf8 COLLATE=utf8_unicode_ci;
/*!40101 SET character_set_client = @saved_cs_client */;

--
-- Dumping data for table `document`
--

LOCK TABLES `document` WRITE;
/*!40000 ALTER TABLE `document` DISABLE KEYS */;
INSERT INTO `document` VALUES (1,19,1,'Andrei',0,NULL,0,NULL),(2,20,1,'Andrei 2',1,12,0,NULL),(3,48,21,'ANEXA nr1 la Legea 211-2011',2,365,0,NULL);
/*!40000 ALTER TABLE `document` ENABLE KEYS */;
UNLOCK TABLES;

--
-- Table structure for table `domain`
--

DROP TABLE IF EXISTS `domain`;
/*!40101 SET @saved_cs_client     = @@character_set_client */;
/*!40101 SET character_set_client = utf8 */;
CREATE TABLE `domain` (
  `id` int(11) NOT NULL AUTO_INCREMENT,
  `name` varchar(255) COLLATE utf8_unicode_ci NOT NULL,
  `baseline` varchar(255) COLLATE utf8_unicode_ci DEFAULT NULL,
  `description` longtext COLLATE utf8_unicode_ci,
  `dedicated` tinyint(1) NOT NULL DEFAULT '0',
  `demo_domain` tinyint(1) NOT NULL DEFAULT '0',
  `demo_credit_value` varchar(255) COLLATE utf8_unicode_ci DEFAULT NULL,
  `deleted` tinyint(1) NOT NULL DEFAULT '0',
  `deleted_at` datetime DEFAULT NULL,
  `slug` varchar(255) COLLATE utf8_unicode_ci DEFAULT NULL,
  PRIMARY KEY (`id`)
) ENGINE=InnoDB AUTO_INCREMENT=7 DEFAULT CHARSET=utf8 COLLATE=utf8_unicode_ci;
/*!40101 SET character_set_client = @saved_cs_client */;

--
-- Dumping data for table `domain`
--

LOCK TABLES `domain` WRITE;
/*!40000 ALTER TABLE `domain` DISABLE KEYS */;
INSERT INTO `domain` VALUES (1,'SSM','Securitate si Sanatate in Munca','<ul><li>Obligatiile legale ale firmelor in domeniul SSM, in functie de activitate, numar de angajati</li><li>Legi, HG, Ordine, alte acte normative care reglementeaza activitatea SSM</li><li>Comentarii, interpretari, recomandari specifice activitatii SSM proprii</li><li>Modele dinamice de Evaluari de risc pentru posturile de lucru clasice; puteti sa le actualizati cu datele specifice firmei Dvs.</li><li>Documente dinamice care se personalizeaza utilizand meniuri de actualizare</li><ul><li>Plan de Prevenire si Protectie (PPP)</li><li>Instructiuni proprii</li><li>Tematici de Instruire</li><li>Program de instruire</li></ul><li>Decizii, convocatoare, modele de alte documente care se pot personaliza si edita online</li><li>Obligatii legate de medicina muncii</li><li>Explicatii/exemple/Indrumari despre:</li><ul><li>Echipamente individuale de protectie (EIP)</li><li>Semnalizare SSM</li><li>RSVTI</li><li>PRAM</li><li>Prim ajutor</li><li>CSSM</li></ul><li>Rapoarte care se pot actualiza/vizualiza/edita/arhiva online</li><li>Instruire Introductiv-Generala</li><li>Prezentari si fisiere PowerPoint</li><li>Filme pentru instruiri online</li><li>Teste pentru verificarea cunostintelor</li><li>Modele dinamice cu instructiuni pentru completarea fiselor de instruire individula SSM</li><li>Modele statice pentru vizualizarea anumitor formulare/fise de instruire/raportari/etc</li><li>Link-uri utile spre site-urile autoritatilor care reglementeaza domeniul SSM</li><li>Link-uri utile spre site-urile furnizorilor de servicii/echipamente pentru domeniul SSM</li><li>Orice document se poate imprima in forma personalizata</li></ul><p>Completeaza CHESTIONAR GRATUIT si vei primi un feedback personalizat, cu recomandari pentru firma ta!</p>',0,1,'5',0,NULL,'ssm'),(2,'PSI/SU','Paza contra incendiilor ','<ul><li>Obligatiile legale ale firmelor in domeniul PSI_SU, in functie de activitate, numar de angajati</li><li>Legi, HG, Ordine, alte acte normative care reglementeaza activitatea PSI_SU</li><li>Comentarii, interpretari, recomandari specifice activitatii PSI_SU proprii</li><li>Documente dinamice care se personalizeaza utilizand meniuri de actualizare</li><ul><li>Reglementari</li><li>Mijloace tehnice PSI</li><li>Semnalizare PSI</li><li>Tematici de instruire</li><li>Program de instruire</li></ul><li>PAAR</li><li>Planuri de interventie</li><li>Decizii, convocatoare, modele de alte documente care se pot personaliza si edita online</li><li>Explicatii/exemple/Indrumari despre completarea Planului de evacuare</li><li>Obligatii legate de numirea unui cadru tehnic PSI</li><li>Explicatii/exemple/Indrumari despre completarea Planului de evacuare</li><li>Instruire introductiv generala</li><li>Exemple/indrumari/explicatii pentru completarea Fiselor individuale de instruire PSI</li><li>Rapoarte care se pot actualiza/vizualiza/edita/arhiva online</li><li>Prezentari si fisiere PowerPoint</li><li>Filme pentru instruiri online</li><li>Teste pentru verificarea cunostintelor</li><li>Modele dinamice cu instructiuni pentru completarea anumitor formulare/fise de instruire/raportari/etc</li><li>Modele statice pentru vizualizarea anumitor formulare/fise de instruire/raportari/etc;</li><li>Link-uri utile spre site-urile autoritatilor care reglementeaza domeniul PSI</li><li>Link-uri utile spre site-urile furnizorilor de servicii/echipamente pentru domeniul PSI</li><li>Orice document se poate imprima in forma personalizata</li></ul><p>Completeaza CHESTIONAR GRATUIT si vei primi un feedback personalizat, cu recomandari pentru firma ta!</p>',0,0,NULL,0,NULL,'psi-su'),(3,'Mediu','Mediu/Gestiunea deseurilor','<ul><li>Obligatiile legale ale firmelor in domeniul MEDIU, in functie de activitate, numar de angajati</li><li>Legi, HG, Ordine, alte acte normative care reglementeaza activitatea de MEDIU</li><li>Comentarii, interpretari, recomandari specifice activitatii de MEDIU proprii</li><li>Autorizatia de mediu</li><ul><li>Fisa de prezentare</li><li>Bilant de mediu nivel 0</li><li>Procedura de autorizare</li></ul><li>Gestiunea deseurilor</li><ul><li>Evidenta deseuri</li><li>Deseuri periculoase</li><li>Deseuri nepericuloase</li></ul><li>Administratia Fondului de Mediu</li><ul><li>Gestiune ambalaje</li><li>Preluarea responsabilitatii</li><li>Raportari AFM</li></ul><li>Garda de mediu</li><li>Sistemul de management al mediului ISO14001</li></ul><p>Completeaza CHESTIONAR GRATUIT si vei primi un feedback personalizat, cu recomandari pentru firma ta!</p>',0,0,NULL,0,NULL,'mediu'),(4,'HR','Resurse Umane','<ul><li>Obligatiile legale ale firmelor in domeniul HR, in functie de activitate, numar de angajati</li><li>Legi, HG, Ordine, alte acte normative care reglementeaza activitatea HR</li><li>Comentarii, interpretari, recomandari specifice activitatii HR proprii</li><li>Exemple de Contracte de munca</li><li>Exemple de Fise de post</li><li>REVISAL</li><li>Raporturi de munca</li><li>Instruire personal</li><li>Motivare personal</li><li>Evaluare personal</li><li>Prezentari si fisiere PowerPoint</li><li>Filme pentru instruiri online</li><li>Modele statice pentru vizualizarea anumitor formulare/fise de instruire/raportari/etc</li><li>Link-uri utile spre site-urile autoritatilor care reglementeaza domeniul HR</li><li>Link-uri utile spre site-urile furnizorilor de servicii/echipamente pentru domeniul HR</li><li>Orice document se poate imprima in forma personalizata</li></ul><p>Completeaza CHESTIONAR GRATUIT si vei primi un feedback personalizat, cu recomandari pentru firma ta!</p>',0,0,NULL,0,NULL,'hr'),(5,'Management','Sisteme de management','<ul><li>Organigrama</li><li>ROI</li><li>Sisteme de management</li><ul><li>ISO 9001</li><li>ISO 14001</li><li>OHSAS 18001</li></ul><li>Modele de Contracte</li><li>Plan de afaceri</li><li>Metode de finantare</li><li>Marketing</li><li>Publicitate</li></ul><p>Completeaza CHESTIONAR GRATUIT si vei primi un feedback personalizat, cu recomandari pentru firma ta!</p>',0,0,NULL,0,NULL,'management'),(6,'SSM - E','','<p>Aceasta sectiune este recomanda persoanelor abilitate sa presteze servicii de prevenire si protectie in domeniul SSM, cum sunt:</p><ul><li>Servicii externe SSM</li><li>Sef serviciu intern SSM</li><li>Lucrator desemnat SSM</li></ul><p>Aici gasiti un instrument util de concepere si editare a evaluarilor de risc si a Planului de prevenire si protectie.</p><p>Este usor de utilizat si va permite alegerea si editarea separata a diferitelor capitole din documente, urmand ca la sfarsit sa se genereze documentul final.</p><p>Puteti utiliza un model preexistent pe care sa-l personalizati conform situatiei concrete a postului pentru care lucrati, sau puteti sa generati un document nou.</p><p>De asemenea, aveti optiunea sa acordati permisiunea altor utilizatori sa foloseasca documentele generate de Dv ca model, caz in care veti beneficia de bonusuri (credite) suplimentare. Bineinteles ca in cazul in care documentul generat de Dv. se transforma in model, cei care il vor folosi nu vor avea acces la informatiile confidentiale din document (nume serviciu extern, nume client, alte informatii specific clientului sau locului de munca initial).</p><p>Completeaza CHESTIONAR GRATUIT si vei primi un feedback personalizat, cu recomandari pentru firma ta!</p>',1,0,NULL,0,NULL,'ssm-e');
/*!40000 ALTER TABLE `domain` ENABLE KEYS */;
UNLOCK TABLES;

--
-- Table structure for table `formular`
--

DROP TABLE IF EXISTS `formular`;
/*!40101 SET @saved_cs_client     = @@character_set_client */;
/*!40101 SET character_set_client = utf8 */;
CREATE TABLE `formular` (
  `id` int(11) NOT NULL AUTO_INCREMENT,
  `subdomain_id` int(11) DEFAULT NULL,
  `name` varchar(255) COLLATE utf8_unicode_ci NOT NULL,
  `credit_value` int(11) NOT NULL,
  `valability_days` int(11) DEFAULT NULL,
  `valability_month` int(11) DEFAULT NULL,
  `discounted_credit_value` int(11) DEFAULT NULL,
  `deleted` tinyint(1) NOT NULL DEFAULT '0',
  `deleted_at` datetime DEFAULT NULL,
  `notify_days` varchar(255) COLLATE utf8_unicode_ci DEFAULT NULL,
  `slug` varchar(255) COLLATE utf8_unicode_ci DEFAULT NULL,
  PRIMARY KEY (`id`),
  KEY `IDX_F6D17D738530A5DC` (`subdomain_id`),
  CONSTRAINT `FK_F6D17D738530A5DC` FOREIGN KEY (`subdomain_id`) REFERENCES `sub_domain` (`id`)
) ENGINE=InnoDB AUTO_INCREMENT=12 DEFAULT CHARSET=utf8 COLLATE=utf8_unicode_ci;
/*!40101 SET character_set_client = @saved_cs_client */;

--
-- Dumping data for table `formular`
--

LOCK TABLES `formular` WRITE;
/*!40000 ALTER TABLE `formular` DISABLE KEYS */;
INSERT INTO `formular` VALUES (1,23,'Evidenta Gestiunii Deseurilor',2,NULL,3,1,0,NULL,NULL,'Evidenta_Gestiunii_Deseurilor'),(2,1,'Convocator CSSM',0,12,NULL,0,0,NULL,NULL,'Convocator_CSSM'),(3,1,'Decizie Componenta CSSM',1,23,NULL,1,0,NULL,NULL,'Decizie_Componenta_CSSM'),(4,1,'Decizie Personal Cu Atributii',1,12,NULL,1,0,NULL,NULL,'Decizie_Personal_Cu_Atributii'),(5,1,'Decizie Comisie Cercetare Accidente',1,23,NULL,1,0,NULL,NULL,'Decizie_Comisie_Cercetare_Accidente'),(6,1,'Decizie Organizare Activitate SSM',1,34,NULL,1,0,NULL,NULL,'Decizie_Organizare_Activitate_SSM'),(7,1,'Proces Verbal Sedinta CSSM',1,54,NULL,1,0,NULL,NULL,'Proces_Verbal_Sedinta_CSSM'),(8,1,'Proces Verbal Control',1,65,NULL,1,0,NULL,NULL,'Proces_Verbal_Control'),(9,1,'Permis De Lucru Cu Foc',1,54,NULL,1,0,NULL,NULL,'Permis_De_Lucru_Cu_Foc'),(10,1,'Decizie Personal Cu Atributii PSI',1,23,NULL,1,0,NULL,NULL,'Decizie_Personal_Cu_Atributii_PSI'),(11,1,'Decizie Personal Cu Atributii 2',1,43,NULL,1,0,NULL,NULL,'Decizie_Personal_Cu_Atributii_2');
/*!40000 ALTER TABLE `formular` ENABLE KEYS */;
UNLOCK TABLES;

--
-- Table structure for table `fos_user_group`
--

DROP TABLE IF EXISTS `fos_user_group`;
/*!40101 SET @saved_cs_client     = @@character_set_client */;
/*!40101 SET character_set_client = utf8 */;
CREATE TABLE `fos_user_group` (
  `id` int(11) NOT NULL AUTO_INCREMENT,
  `name` varchar(255) COLLATE utf8_unicode_ci NOT NULL,
  `roles` longtext COLLATE utf8_unicode_ci NOT NULL COMMENT '(DC2Type:array)',
  PRIMARY KEY (`id`),
  UNIQUE KEY `UNIQ_583D1F3E5E237E06` (`name`)
) ENGINE=InnoDB DEFAULT CHARSET=utf8 COLLATE=utf8_unicode_ci;
/*!40101 SET character_set_client = @saved_cs_client */;

--
-- Dumping data for table `fos_user_group`
--

LOCK TABLES `fos_user_group` WRITE;
/*!40000 ALTER TABLE `fos_user_group` DISABLE KEYS */;
/*!40000 ALTER TABLE `fos_user_group` ENABLE KEYS */;
UNLOCK TABLES;

--
-- Table structure for table `fos_user_user`
--

DROP TABLE IF EXISTS `fos_user_user`;
/*!40101 SET @saved_cs_client     = @@character_set_client */;
/*!40101 SET character_set_client = utf8 */;
CREATE TABLE `fos_user_user` (
  `id` int(11) NOT NULL AUTO_INCREMENT,
  `username` varchar(255) COLLATE utf8_unicode_ci NOT NULL,
  `username_canonical` varchar(255) COLLATE utf8_unicode_ci NOT NULL,
  `email` varchar(255) COLLATE utf8_unicode_ci NOT NULL,
  `email_canonical` varchar(255) COLLATE utf8_unicode_ci NOT NULL,
  `enabled` tinyint(1) NOT NULL,
  `salt` varchar(255) COLLATE utf8_unicode_ci NOT NULL,
  `password` varchar(255) COLLATE utf8_unicode_ci NOT NULL,
  `last_login` datetime DEFAULT NULL,
  `locked` tinyint(1) NOT NULL,
  `expired` tinyint(1) NOT NULL,
  `expires_at` datetime DEFAULT NULL,
  `confirmation_token` varchar(255) COLLATE utf8_unicode_ci DEFAULT NULL,
  `password_requested_at` datetime DEFAULT NULL,
  `roles` longtext COLLATE utf8_unicode_ci NOT NULL COMMENT '(DC2Type:array)',
  `credentials_expired` tinyint(1) NOT NULL,
  `credentials_expire_at` datetime DEFAULT NULL,
  `created_at` datetime NOT NULL,
  `updated_at` datetime NOT NULL,
  `date_of_birth` datetime DEFAULT NULL,
  `firstname` varchar(64) COLLATE utf8_unicode_ci DEFAULT NULL,
  `lastname` varchar(64) COLLATE utf8_unicode_ci DEFAULT NULL,
  `website` varchar(64) COLLATE utf8_unicode_ci DEFAULT NULL,
  `biography` varchar(1000) COLLATE utf8_unicode_ci DEFAULT NULL,
  `gender` varchar(1) COLLATE utf8_unicode_ci DEFAULT NULL,
  `locale` varchar(8) COLLATE utf8_unicode_ci DEFAULT NULL,
  `timezone` varchar(64) COLLATE utf8_unicode_ci DEFAULT NULL,
  `phone` varchar(64) COLLATE utf8_unicode_ci DEFAULT NULL,
  `facebook_uid` varchar(255) COLLATE utf8_unicode_ci DEFAULT NULL,
  `facebook_name` varchar(255) COLLATE utf8_unicode_ci DEFAULT NULL,
  `facebook_data` longtext COLLATE utf8_unicode_ci COMMENT '(DC2Type:json)',
  `twitter_uid` varchar(255) COLLATE utf8_unicode_ci DEFAULT NULL,
  `twitter_name` varchar(255) COLLATE utf8_unicode_ci DEFAULT NULL,
  `twitter_data` longtext COLLATE utf8_unicode_ci COMMENT '(DC2Type:json)',
  `gplus_uid` varchar(255) COLLATE utf8_unicode_ci DEFAULT NULL,
  `gplus_name` varchar(255) COLLATE utf8_unicode_ci DEFAULT NULL,
  `gplus_data` longtext COLLATE utf8_unicode_ci COMMENT '(DC2Type:json)',
  `token` varchar(255) COLLATE utf8_unicode_ci DEFAULT NULL,
  `two_step_code` varchar(255) COLLATE utf8_unicode_ci DEFAULT NULL,
  `credits_total` int(11) DEFAULT '0',
  `last_credit_update` datetime DEFAULT NULL,
  `deleted` tinyint(1) NOT NULL DEFAULT '0',
  `deleted_at` datetime DEFAULT NULL,
  PRIMARY KEY (`id`),
  UNIQUE KEY `UNIQ_C560D76192FC23A8` (`username_canonical`),
  UNIQUE KEY `UNIQ_C560D761A0D96FBF` (`email_canonical`)
) ENGINE=InnoDB AUTO_INCREMENT=7 DEFAULT CHARSET=utf8 COLLATE=utf8_unicode_ci;
/*!40101 SET character_set_client = @saved_cs_client */;

--
-- Dumping data for table `fos_user_user`
--

LOCK TABLES `fos_user_user` WRITE;
/*!40000 ALTER TABLE `fos_user_user` DISABLE KEYS */;
INSERT INTO `fos_user_user` VALUES (1,'superadmin','superadmin','amoraru@pitechplus.com','amoraru@pitechplus.com',1,'fge3rv9z714c08w4o00ck88os8s800g','t0ug0mMhLwcw0d5gtDA//k2i+4g8PelcjSuBSPu6pFAlaIW3l1FQZlNKm/iPcLMHjck4NWO82/BGkT4ee49yyw==','2017-02-11 14:22:05',0,0,NULL,NULL,NULL,'a:1:{i:0;s:16:\"ROLE_SUPER_ADMIN\";}',0,NULL,'2016-07-25 11:30:11','2017-02-11 14:22:05',NULL,'superadmin','superadmin',NULL,NULL,'u',NULL,NULL,NULL,NULL,NULL,'null',NULL,NULL,'null',NULL,NULL,'null',NULL,NULL,NULL,NULL,0,NULL),(2,'amoraru+58@pitechnologies.ro','amoraru+58@pitechnologies.ro','amoraru+58@pitechnologies.ro','amoraru+58@pitechnologies.ro',1,'3regnilq7zqcsgkok4oc4kw4wgockog','smbxxIf+mWFxLOh/QNcjrvcsIUFKunj+db/10/p558lX+eE3PvIf15qccvgPmR3sIq1bsqo4E2hMd6pKEwVNZg==','2016-07-25 13:12:09',0,0,NULL,NULL,NULL,'a:0:{}',0,NULL,'2016-07-25 13:11:36','2016-07-25 13:12:09',NULL,NULL,NULL,NULL,NULL,'u',NULL,NULL,NULL,NULL,NULL,'null',NULL,NULL,'null',NULL,NULL,'null',NULL,NULL,NULL,NULL,0,NULL),(3,'amoraru+59@pitechnologies.ro','amoraru+59@pitechnologies.ro','amoraru+59@pitechnologies.ro','amoraru+59@pitechnologies.ro',1,'rev0foq2nlwk8k04gs0gwkkoos0kkck','YaZVvmF96Q4tZ7sxyAk1GfdftMp6r4wI6GemmDaJT4+0wmzb/1AKHag0ZySwnrIPlh+RmOn+PR0nxW6Yb+6O5w==','2016-07-25 17:21:54',0,0,NULL,'R7hTwBMtum0ANnmBVi4xmbV-JeWqrB6nDYMVXz800Eo',NULL,'a:0:{}',0,NULL,'2016-07-25 13:19:15','2016-07-25 17:21:54',NULL,NULL,NULL,NULL,NULL,'u',NULL,NULL,NULL,NULL,NULL,'null',NULL,NULL,'null',NULL,NULL,'null',NULL,NULL,NULL,NULL,0,NULL),(4,'amoraru+60@pitechnologies.ro','amoraru+60@pitechnologies.ro','amoraru+60@pitechnologies.ro','amoraru+60@pitechnologies.ro',1,'rqa8bkdw3uo04sogcccw0osoow8kwk0','Z4rQwjoZdKr7NajsGOoEESmzql7rhbTVKlmrAntzQgE8zlddSCN2s0iQGa+gp/IEN7Ak7htF1y8Pad4CLZLwKA==','2017-02-10 19:39:09',0,0,NULL,'ME-O4mofPivzp80DXd-77mXxOZIGDo4XfBnm7WpfWoo',NULL,'a:0:{}',0,NULL,'2016-07-26 10:26:22','2017-02-10 19:39:09',NULL,NULL,NULL,NULL,NULL,'u',NULL,NULL,NULL,NULL,NULL,'null',NULL,NULL,'null',NULL,NULL,'null',NULL,NULL,994,'2017-02-10 19:39:09',0,NULL),(5,'amoraru+61@pitechnologies.ro','amoraru+61@pitechnologies.ro','amoraru+61@pitechnologies.ro','amoraru+61@pitechnologies.ro',1,'c05run0hcpsgwwwoo80sgcgs004wgc4','yytYQlpaVT7UNx27VzvGNHWncpEeOYvWJ1OnasUE892zpPKPsM0K+3GIDKGsAB6MnNW6g4aJJWctTm6BqLKcWw==','2016-07-26 18:29:22',0,0,NULL,NULL,NULL,'a:0:{}',0,NULL,'2016-07-26 18:28:59','2016-07-26 18:44:52',NULL,NULL,NULL,NULL,NULL,'u',NULL,NULL,NULL,NULL,NULL,'null',NULL,NULL,'null',NULL,NULL,'null',NULL,NULL,2,'2016-07-26 18:44:52',0,NULL),(6,'amoraru+62@pitechnologies.ro','amoraru+62@pitechnologies.ro','amoraru+62@pitechnologies.ro','amoraru+62@pitechnologies.ro',1,'ik6hwbcytzc4og88wowg0gss44sko','NRB2pTaQldT7EUzQrDt/YKM7ltlDg4ZuirKmPGfshRNb+Q5TH3YXJyHgE3U3gvEo8YucdHCR0ZWgqtoQ/uLQdw==','2017-02-07 18:18:51',0,0,NULL,NULL,NULL,'a:0:{}',0,NULL,'2016-07-27 17:31:01','2017-02-07 18:18:51',NULL,NULL,NULL,NULL,NULL,'u',NULL,NULL,NULL,NULL,NULL,'null',NULL,NULL,'null',NULL,NULL,'null',NULL,NULL,90,'2017-02-07 18:18:51',0,NULL);
/*!40000 ALTER TABLE `fos_user_user` ENABLE KEYS */;
UNLOCK TABLES;

--
-- Table structure for table `fos_user_user_group`
--

DROP TABLE IF EXISTS `fos_user_user_group`;
/*!40101 SET @saved_cs_client     = @@character_set_client */;
/*!40101 SET character_set_client = utf8 */;
CREATE TABLE `fos_user_user_group` (
  `user_id` int(11) NOT NULL,
  `group_id` int(11) NOT NULL,
  PRIMARY KEY (`user_id`,`group_id`),
  KEY `IDX_B3C77447A76ED395` (`user_id`),
  KEY `IDX_B3C77447FE54D947` (`group_id`),
  CONSTRAINT `FK_B3C77447A76ED395` FOREIGN KEY (`user_id`) REFERENCES `fos_user_user` (`id`) ON DELETE CASCADE,
  CONSTRAINT `FK_B3C77447FE54D947` FOREIGN KEY (`group_id`) REFERENCES `fos_user_group` (`id`) ON DELETE CASCADE
) ENGINE=InnoDB DEFAULT CHARSET=utf8 COLLATE=utf8_unicode_ci;
/*!40101 SET character_set_client = @saved_cs_client */;

--
-- Dumping data for table `fos_user_user_group`
--

LOCK TABLES `fos_user_user_group` WRITE;
/*!40000 ALTER TABLE `fos_user_user_group` DISABLE KEYS */;
/*!40000 ALTER TABLE `fos_user_user_group` ENABLE KEYS */;
UNLOCK TABLES;

--
-- Table structure for table `media__gallery`
--

DROP TABLE IF EXISTS `media__gallery`;
/*!40101 SET @saved_cs_client     = @@character_set_client */;
/*!40101 SET character_set_client = utf8 */;
CREATE TABLE `media__gallery` (
  `id` int(11) NOT NULL AUTO_INCREMENT,
  `name` varchar(255) COLLATE utf8_unicode_ci NOT NULL,
  `context` varchar(64) COLLATE utf8_unicode_ci NOT NULL,
  `default_format` varchar(255) COLLATE utf8_unicode_ci NOT NULL,
  `enabled` tinyint(1) NOT NULL,
  `updated_at` datetime NOT NULL,
  `created_at` datetime NOT NULL,
  PRIMARY KEY (`id`)
) ENGINE=InnoDB DEFAULT CHARSET=utf8 COLLATE=utf8_unicode_ci;
/*!40101 SET character_set_client = @saved_cs_client */;

--
-- Dumping data for table `media__gallery`
--

LOCK TABLES `media__gallery` WRITE;
/*!40000 ALTER TABLE `media__gallery` DISABLE KEYS */;
/*!40000 ALTER TABLE `media__gallery` ENABLE KEYS */;
UNLOCK TABLES;

--
-- Table structure for table `media__gallery_media`
--

DROP TABLE IF EXISTS `media__gallery_media`;
/*!40101 SET @saved_cs_client     = @@character_set_client */;
/*!40101 SET character_set_client = utf8 */;
CREATE TABLE `media__gallery_media` (
  `id` int(11) NOT NULL AUTO_INCREMENT,
  `gallery_id` int(11) DEFAULT NULL,
  `media_id` int(11) DEFAULT NULL,
  `position` int(11) NOT NULL,
  `enabled` tinyint(1) NOT NULL,
  `updated_at` datetime NOT NULL,
  `created_at` datetime NOT NULL,
  PRIMARY KEY (`id`),
  KEY `IDX_80D4C5414E7AF8F` (`gallery_id`),
  KEY `IDX_80D4C541EA9FDD75` (`media_id`),
  CONSTRAINT `FK_80D4C5414E7AF8F` FOREIGN KEY (`gallery_id`) REFERENCES `media__gallery` (`id`),
  CONSTRAINT `FK_80D4C541EA9FDD75` FOREIGN KEY (`media_id`) REFERENCES `media__media` (`id`)
) ENGINE=InnoDB DEFAULT CHARSET=utf8 COLLATE=utf8_unicode_ci;
/*!40101 SET character_set_client = @saved_cs_client */;

--
-- Dumping data for table `media__gallery_media`
--

LOCK TABLES `media__gallery_media` WRITE;
/*!40000 ALTER TABLE `media__gallery_media` DISABLE KEYS */;
/*!40000 ALTER TABLE `media__gallery_media` ENABLE KEYS */;
UNLOCK TABLES;

--
-- Table structure for table `media__media`
--

DROP TABLE IF EXISTS `media__media`;
/*!40101 SET @saved_cs_client     = @@character_set_client */;
/*!40101 SET character_set_client = utf8 */;
CREATE TABLE `media__media` (
  `id` int(11) NOT NULL AUTO_INCREMENT,
  `name` varchar(255) COLLATE utf8_unicode_ci NOT NULL,
  `description` text COLLATE utf8_unicode_ci,
  `enabled` tinyint(1) NOT NULL,
  `provider_name` varchar(255) COLLATE utf8_unicode_ci NOT NULL,
  `provider_status` int(11) NOT NULL,
  `provider_reference` varchar(255) COLLATE utf8_unicode_ci NOT NULL,
  `provider_metadata` longtext COLLATE utf8_unicode_ci COMMENT '(DC2Type:json)',
  `width` int(11) DEFAULT NULL,
  `height` int(11) DEFAULT NULL,
  `length` decimal(10,0) DEFAULT NULL,
  `content_type` varchar(255) COLLATE utf8_unicode_ci DEFAULT NULL,
  `content_size` int(11) DEFAULT NULL,
  `copyright` varchar(255) COLLATE utf8_unicode_ci DEFAULT NULL,
  `author_name` varchar(255) COLLATE utf8_unicode_ci DEFAULT NULL,
  `context` varchar(64) COLLATE utf8_unicode_ci DEFAULT NULL,
  `cdn_is_flushable` tinyint(1) DEFAULT NULL,
  `cdn_flush_at` datetime DEFAULT NULL,
  `cdn_status` int(11) DEFAULT NULL,
  `updated_at` datetime NOT NULL,
  `created_at` datetime NOT NULL,
  `media_type` varchar(255) COLLATE utf8_unicode_ci DEFAULT NULL,
  `deleted` tinyint(1) NOT NULL,
  `deleted_at` datetime DEFAULT NULL,
  PRIMARY KEY (`id`)
) ENGINE=InnoDB AUTO_INCREMENT=49 DEFAULT CHARSET=utf8 COLLATE=utf8_unicode_ci;
/*!40101 SET character_set_client = @saved_cs_client */;

--
-- Dumping data for table `media__media`
--

LOCK TABLES `media__media` WRITE;
/*!40000 ALTER TABLE `media__media` DISABLE KEYS */;
INSERT INTO `media__media` VALUES (1,'publicitate.png',NULL,0,'sonata.media.provider.image',1,'fa554616032e546daf9a267c962f09584fb99ad9.png','{\"filename\":\"publicitate.png\"}',255,170,NULL,'image/png',40118,NULL,NULL,'default',NULL,NULL,NULL,'2016-07-25 11:30:11','2016-07-25 11:30:11','Imagine',0,NULL),(2,'publicitate.png',NULL,0,'sonata.media.provider.image',1,'6f39f6c6d0d41d80170c5d801cacee6e8a7255d1.png','{\"filename\":\"publicitate.png\"}',255,170,NULL,'image/png',40118,NULL,NULL,'default',NULL,NULL,NULL,'2016-07-25 11:30:11','2016-07-25 11:30:11','Imagine',0,NULL),(3,'publicitate.png',NULL,0,'sonata.media.provider.image',1,'cd3d7269e750c4ad7143a84d63331fe0868283c6.png','{\"filename\":\"publicitate.png\"}',255,170,NULL,'image/png',40118,NULL,NULL,'default',NULL,NULL,NULL,'2016-07-25 11:30:11','2016-07-25 11:30:11','Imagine',0,NULL),(4,'bla.png',NULL,0,'sonata.media.provider.image',1,'25c5df42c4663ba7f7c449334fb9424a8db041a1.png','{\"filename\":\"bla.png\"}',256,170,NULL,'image/png',1038,NULL,NULL,'default',NULL,NULL,NULL,'2016-07-25 12:46:34','2016-07-25 12:46:34','Imagine',0,NULL),(5,'proforma_000001.pdf',NULL,0,'sonata.media.provider.file',1,'45fca626f9b95a09c0e2d710a38e9f93750c2fc4.pdf','{\"filename\":\"proforma_000001.pdf\"}',NULL,NULL,NULL,'application/pdf',27388,NULL,NULL,'default',NULL,NULL,NULL,'2016-07-26 10:26:23','2016-07-26 10:26:23','Factura proforma',0,NULL),(6,'result.png',NULL,0,'sonata.media.provider.image',1,'221146b42850a0a02c8e8ce91be31483b95c25e8.png','{\"filename\":\"result.png\"}',730,113,NULL,'image/png',6783,NULL,NULL,'default',NULL,NULL,NULL,'2016-07-26 10:56:05','2016-07-26 10:56:05','Imagine',0,NULL),(7,'ConvocatorCSSM6.pdf',NULL,0,'sonata.media.provider.file',1,'5d3aed357e546bf87f6c6acf0d4b666cc9e64914.pdf','{\"filename\":\"ConvocatorCSSM6.pdf\"}',NULL,NULL,NULL,'application/pdf',17143,NULL,NULL,'default',NULL,NULL,NULL,'2016-07-26 14:43:00','2016-07-26 14:43:00','Document generat de formular',0,NULL),(8,'DecizieComponentaCSSM7.pdf',NULL,0,'sonata.media.provider.file',1,'75cffcd7e9212012dc8bb6ed0f58f4fc78d36595.pdf','{\"filename\":\"DecizieComponentaCSSM7.pdf\"}',NULL,NULL,NULL,'application/pdf',20270,NULL,NULL,'default',NULL,NULL,NULL,'2016-07-26 14:46:34','2016-07-26 14:46:34','Document generat de formular',0,NULL),(9,'DeciziePersonalCuAtributii228.pdf',NULL,0,'sonata.media.provider.file',1,'621721da91accdd1c39fba3c54374690c1920a2b.pdf','{\"filename\":\"DeciziePersonalCuAtributii228.pdf\"}',NULL,NULL,NULL,'application/pdf',19100,NULL,NULL,'default',NULL,NULL,NULL,'2016-07-27 14:27:30','2016-07-27 14:27:30','Document generat de formular',0,NULL),(10,'DeciziePersonalCuAtributiiPSI27.pdf',NULL,0,'sonata.media.provider.file',1,'f24095d5b5d1c1a2fd8fa6a6d67eece3aa29b427.pdf','{\"filename\":\"DeciziePersonalCuAtributiiPSI27.pdf\"}',NULL,NULL,NULL,'application/pdf',20691,NULL,NULL,'default',NULL,NULL,NULL,'2016-07-27 14:27:53','2016-07-27 14:27:53','Document generat de formular',0,NULL),(11,'PermisDeLucruCuFoc26.pdf',NULL,0,'sonata.media.provider.file',1,'1f966e2f9d13699bf1610d06be7e0779c555f39f.pdf','{\"filename\":\"PermisDeLucruCuFoc26.pdf\"}',NULL,NULL,NULL,'application/pdf',23023,NULL,NULL,'default',NULL,NULL,NULL,'2016-07-27 14:28:29','2016-07-27 14:28:29','Document generat de formular',0,NULL),(12,'ProcesVerbalControl25.pdf',NULL,0,'sonata.media.provider.file',1,'4a0671744e49fcf71932907f757a59377b47292c.pdf','{\"filename\":\"ProcesVerbalControl25.pdf\"}',NULL,NULL,NULL,'application/pdf',25781,NULL,NULL,'default',NULL,NULL,NULL,'2016-07-27 14:29:00','2016-07-27 14:29:00','Document generat de formular',0,NULL),(13,'ProcesVerbalSedintaCSSM24.pdf',NULL,0,'sonata.media.provider.file',1,'d5e52c9886d490b763ea4d2476beaab0700d8c0a.pdf','{\"filename\":\"ProcesVerbalSedintaCSSM24.pdf\"}',NULL,NULL,NULL,'application/pdf',19018,NULL,NULL,'default',NULL,NULL,NULL,'2016-07-27 14:29:46','2016-07-27 14:29:46','Document generat de formular',0,NULL),(14,'DecizieOrganizareActivitateSSM23.pdf',NULL,0,'sonata.media.provider.file',1,'2f3f3cc7cc92de3ab1787b80ded8a2c265669b6d.pdf','{\"filename\":\"DecizieOrganizareActivitateSSM23.pdf\"}',NULL,NULL,NULL,'application/pdf',22553,NULL,NULL,'default',NULL,NULL,NULL,'2016-07-27 14:30:15','2016-07-27 14:30:15','Document generat de formular',0,NULL),(15,'DecizieComisieCercetareAccidente21.pdf',NULL,0,'sonata.media.provider.file',1,'74c0cc67f5269e5bb64280b91302586d02295354.pdf','{\"filename\":\"DecizieComisieCercetareAccidente21.pdf\"}',NULL,NULL,NULL,'application/pdf',18417,NULL,NULL,'default',NULL,NULL,NULL,'2016-07-27 14:30:43','2016-07-27 14:30:43','Document generat de formular',0,NULL),(16,'DeciziePersonalCuAtributii20.pdf',NULL,0,'sonata.media.provider.file',1,'7deebb92ed90820105d2d75586a6bb2fdf0d2bad.pdf','{\"filename\":\"DeciziePersonalCuAtributii20.pdf\"}',NULL,NULL,NULL,'application/pdf',21703,NULL,NULL,'default',NULL,NULL,NULL,'2016-07-27 14:31:05','2016-07-27 14:31:05','Document generat de formular',0,NULL),(17,'DecizieComponentaCSSM19.pdf',NULL,0,'sonata.media.provider.file',1,'c2c13e86a1ebaab3a1e40d580cbed7cb762f23ed.pdf','{\"filename\":\"DecizieComponentaCSSM19.pdf\"}',NULL,NULL,NULL,'application/pdf',20449,NULL,NULL,'default',NULL,NULL,NULL,'2016-07-27 14:31:29','2016-07-27 14:31:29','Document generat de formular',0,NULL),(18,'ConvocatorCSSM22.pdf',NULL,0,'sonata.media.provider.file',1,'6bc17ec80dc4fd8b648851983d1ed45049daf412.pdf','{\"filename\":\"ConvocatorCSSM22.pdf\"}',NULL,NULL,NULL,'application/pdf',17656,NULL,NULL,'default',NULL,NULL,NULL,'2016-07-27 14:31:58','2016-07-27 14:31:58','Document generat de formular',0,NULL),(19,'A4 Explicatii factura MMC EE 26feb2016 (1).pdf',NULL,0,'sonata.media.provider.file',1,'7b4c93039ce99801315040d42f19ce108070bdec.pdf','{\"filename\":\"A4 Explicatii factura MMC EE 26feb2016 (1).pdf\"}',NULL,NULL,NULL,'application/pdf',510817,NULL,NULL,'default',NULL,NULL,NULL,'2016-07-28 11:27:01','2016-07-28 11:27:01','Document',0,NULL),(20,'ConvocatorCSSM6.pdf',NULL,0,'sonata.media.provider.file',1,'f59179cbf97062b2418f49dc4895e960eda7dd6e.pdf','{\"filename\":\"ConvocatorCSSM6.pdf\"}',NULL,NULL,NULL,'application/pdf',17143,NULL,NULL,'default',NULL,NULL,NULL,'2016-07-28 12:15:51','2016-07-28 12:15:51','Document',0,NULL),(21,'SampleVideo_1280x720_1mb.mp4',NULL,0,'sonata.media.provider.video',1,'f7f3ba2b9f8c2311626fae34a3e999587d1d576c.mp4','{\"filename\":\"SampleVideo_1280x720_1mb.mp4\"}',NULL,NULL,NULL,'video/mp4',1055736,NULL,NULL,'default',NULL,NULL,NULL,'2016-07-28 13:35:07','2016-07-28 13:35:07','Video',0,NULL),(22,'SampleVideo_1280x720_1mb.mp4',NULL,0,'sonata.media.provider.video',1,'8f6b48182a13909ffdc829c2cb474c817eb9d8da.mp4','{\"filename\":\"SampleVideo_1280x720_1mb.mp4\"}',NULL,NULL,NULL,'video/mp4',1055736,NULL,NULL,'default',NULL,NULL,NULL,'2016-07-28 17:04:31','2016-07-28 17:04:31','Video',0,NULL),(23,'EvidentaGestiuniiDeseurilor71.pdf',NULL,0,'sonata.media.provider.file',1,'335e2338373da08583c84a87fafa62c11f54fcba.pdf','{\"filename\":\"EvidentaGestiuniiDeseurilor71.pdf\"}',NULL,NULL,NULL,'application/pdf',36195,NULL,NULL,'default',NULL,NULL,NULL,'2016-08-31 20:17:54','2016-08-31 20:17:54','Document generat de formular',0,NULL),(24,'EvidentaGestiuniiDeseurilor54.pdf',NULL,0,'sonata.media.provider.file',1,'75f7cfd09e4839183a32d23a3cc157530cbe5be9.pdf','{\"filename\":\"EvidentaGestiuniiDeseurilor54.pdf\"}',NULL,NULL,NULL,'application/pdf',36408,NULL,NULL,'default',NULL,NULL,NULL,'2016-09-01 11:11:44','2016-09-01 11:11:44','Document generat de formular',0,NULL),(25,'EvidentaGestiuniiDeseurilor54.pdf',NULL,0,'sonata.media.provider.file',1,'34792ce134f8bd697a290673f7530960567bb72f.pdf','{\"filename\":\"EvidentaGestiuniiDeseurilor54.pdf\"}',NULL,NULL,NULL,'application/pdf',36408,NULL,NULL,'default',NULL,NULL,NULL,'2016-09-01 11:47:11','2016-09-01 11:47:11','Document generat de formular',0,NULL),(26,'ConvocatorCSSM73.pdf',NULL,0,'sonata.media.provider.file',1,'09a1c5076133a37b1e7268f3ddf848e8b7695d6d.pdf','{\"filename\":\"ConvocatorCSSM73.pdf\"}',NULL,NULL,NULL,'application/pdf',17116,NULL,NULL,'default',NULL,NULL,NULL,'2016-09-01 12:07:07','2016-09-01 12:07:07','Document generat de formular',0,NULL),(27,'ConvocatorCSSM73.pdf',NULL,0,'sonata.media.provider.file',1,'7b422192d98f824f444456337a586bf5d55d5f94.pdf','{\"filename\":\"ConvocatorCSSM73.pdf\"}',NULL,NULL,NULL,'application/pdf',17116,NULL,NULL,'default',NULL,NULL,NULL,'2016-09-01 12:24:47','2016-09-01 12:24:47','Document generat de formular',0,NULL),(28,'ConvocatorCSSM73.pdf',NULL,0,'sonata.media.provider.file',1,'b68f8f38050c29a1201c4d119e2c362d449f3d48.pdf','{\"filename\":\"ConvocatorCSSM73.pdf\"}',NULL,NULL,NULL,'application/pdf',17116,NULL,NULL,'default',NULL,NULL,NULL,'2016-09-01 12:25:21','2016-09-01 12:25:21','Document generat de formular',0,NULL),(29,'EvidentaGestiuniiDeseurilor55.pdf',NULL,0,'sonata.media.provider.file',1,'c5bf540addb269a575919cfc5b751a48135ed498.pdf','{\"filename\":\"EvidentaGestiuniiDeseurilor55.pdf\"}',NULL,NULL,NULL,'application/pdf',35454,NULL,NULL,'default',NULL,NULL,NULL,'2016-09-02 18:25:25','2016-09-02 18:25:25','Document generat de formular',0,NULL),(30,'EvidentaGestiuniiDeseurilor81.pdf',NULL,0,'sonata.media.provider.file',1,'f520f33f759dc7037e4ca192796bc85444c350f6.pdf','{\"filename\":\"EvidentaGestiuniiDeseurilor81.pdf\"}',NULL,NULL,NULL,'application/pdf',36583,NULL,NULL,'default',NULL,NULL,NULL,'2016-09-02 18:55:34','2016-09-02 18:55:34','Document generat de formular',0,NULL),(31,'EvidentaGestiuniiDeseurilor81.pdf',NULL,0,'sonata.media.provider.file',1,'a51cb9b43654ad78d156eddf088697789e0a942b.pdf','{\"filename\":\"EvidentaGestiuniiDeseurilor81.pdf\"}',NULL,NULL,NULL,'application/pdf',36583,NULL,NULL,'default',NULL,NULL,NULL,'2016-09-02 19:01:03','2016-09-02 19:01:03','Document generat de formular',0,NULL),(32,'EvidentaGestiuniiDeseurilor82.pdf',NULL,0,'sonata.media.provider.file',1,'bda9ffc8607fc99f56788a4a695bbd0312d51b88.pdf','{\"filename\":\"EvidentaGestiuniiDeseurilor82.pdf\"}',NULL,NULL,NULL,'application/pdf',36908,NULL,NULL,'default',NULL,NULL,NULL,'2016-09-02 19:08:55','2016-09-02 19:08:55','Document generat de formular',0,NULL),(33,'EvidentaGestiuniiDeseurilor82.pdf',NULL,0,'sonata.media.provider.file',1,'2862d5db7a749ed02be0f27ed883115c77c0d206.pdf','{\"filename\":\"EvidentaGestiuniiDeseurilor82.pdf\"}',NULL,NULL,NULL,'application/pdf',36760,NULL,NULL,'default',NULL,NULL,NULL,'2016-09-02 19:12:21','2016-09-02 19:12:21','Document generat de formular',0,NULL),(34,'EvidentaGestiuniiDeseurilor83.pdf',NULL,0,'sonata.media.provider.file',1,'fbf18f9c1e71cc78a35cd9fec257643678096b7b.pdf','{\"filename\":\"EvidentaGestiuniiDeseurilor83.pdf\"}',NULL,NULL,NULL,'application/pdf',36704,NULL,NULL,'default',NULL,NULL,NULL,'2016-09-05 13:25:18','2016-09-05 13:25:18','Document generat de formular',0,NULL),(35,'EvidentaGestiuniiDeseurilor83.pdf',NULL,0,'sonata.media.provider.file',1,'053ea65a1e85548150a8b6d57c9a651b2ad895cc.pdf','{\"filename\":\"EvidentaGestiuniiDeseurilor83.pdf\"}',NULL,NULL,NULL,'application/pdf',36595,NULL,NULL,'default',NULL,NULL,NULL,'2016-09-05 13:29:50','2016-09-05 13:29:50','Document generat de formular',0,NULL),(36,'EvidentaGestiuniiDeseurilor83.pdf',NULL,0,'sonata.media.provider.file',1,'552f85e020844a628771b8c0f7591706c97e788b.pdf','{\"filename\":\"EvidentaGestiuniiDeseurilor83.pdf\"}',NULL,NULL,NULL,'application/pdf',36555,NULL,NULL,'default',NULL,NULL,NULL,'2016-09-05 13:36:12','2016-09-05 13:36:12','Document generat de formular',0,NULL),(37,'EvidentaGestiuniiDeseurilor83.pdf',NULL,0,'sonata.media.provider.file',1,'27cca2c9186e121e8fae8d3714594e1f6c6e6f4c.pdf','{\"filename\":\"EvidentaGestiuniiDeseurilor83.pdf\"}',NULL,NULL,NULL,'application/pdf',36550,NULL,NULL,'default',NULL,NULL,NULL,'2016-09-05 13:39:19','2016-09-05 13:39:19','Document generat de formular',0,NULL),(38,'EvidentaGestiuniiDeseurilor83.pdf',NULL,0,'sonata.media.provider.file',1,'9795b1eaa533abd55e1448b8e5f7187670773fd2.pdf','{\"filename\":\"EvidentaGestiuniiDeseurilor83.pdf\"}',NULL,NULL,NULL,'application/pdf',36532,NULL,NULL,'default',NULL,NULL,NULL,'2016-09-05 13:40:32','2016-09-05 13:40:32','Document generat de formular',0,NULL),(39,'EvidentaGestiuniiDeseurilor83.pdf',NULL,0,'sonata.media.provider.file',1,'7f3b8493d977a032224e367eae07c4810a55f91e.pdf','{\"filename\":\"EvidentaGestiuniiDeseurilor83.pdf\"}',NULL,NULL,NULL,'application/pdf',30813,NULL,NULL,'default',NULL,NULL,NULL,'2016-09-05 14:19:01','2016-09-05 14:19:01','Document generat de formular',0,NULL),(40,'EvidentaGestiuniiDeseurilor83.pdf',NULL,0,'sonata.media.provider.file',1,'1214ee96886b43be2259c88f9bc862667ad98d48.pdf','{\"filename\":\"EvidentaGestiuniiDeseurilor83.pdf\"}',NULL,NULL,NULL,'application/pdf',29976,NULL,NULL,'default',NULL,NULL,NULL,'2016-09-05 14:39:00','2016-09-05 14:39:00','Document generat de formular',0,NULL),(41,'proforma_000009.pdf',NULL,0,'sonata.media.provider.file',1,'f090f6697524d7b45f8af805f11cc09022df6050.pdf','{\"filename\":\"proforma_000009.pdf\"}',NULL,NULL,NULL,'application/pdf',27075,NULL,NULL,'default',NULL,NULL,NULL,'2016-10-04 10:36:11','2016-10-04 10:36:11','Factura proforma',0,NULL),(42,'proforma_000010.pdf',NULL,0,'sonata.media.provider.file',1,'cd520d4a22d91fab530649484a130de6ba816b85.pdf','{\"filename\":\"proforma_000010.pdf\"}',NULL,NULL,NULL,'application/pdf',27350,NULL,NULL,'default',NULL,NULL,NULL,'2016-10-04 10:36:43','2016-10-04 10:36:43','Factura proforma',0,NULL),(43,'EvidentaGestiuniiDeseurilor93.pdf',NULL,0,'sonata.media.provider.file',1,'1e5af65cab3729de8bbceb39154606a8d03053a5.pdf','{\"filename\":\"EvidentaGestiuniiDeseurilor93.pdf\"}',NULL,NULL,NULL,'application/pdf',29214,NULL,NULL,'default',NULL,NULL,NULL,'2016-10-05 14:40:41','2016-10-05 14:40:41','Document generat de formular',0,NULL),(44,'EvidentaGestiuniiDeseurilor94.pdf',NULL,0,'sonata.media.provider.file',1,'d37df60103a4bfa0261572c8fb3b7de1487e4e94.pdf','{\"filename\":\"EvidentaGestiuniiDeseurilor94.pdf\"}',NULL,NULL,NULL,'application/pdf',29800,NULL,NULL,'default',NULL,NULL,NULL,'2016-10-05 14:43:31','2016-10-05 14:43:31','Document generat de formular',0,NULL),(45,'EvidentaGestiuniiDeseurilor104.pdf',NULL,0,'sonata.media.provider.file',1,'cf035eed62a06915e6bd62afe5f0b0fbd67f5548.pdf','{\"filename\":\"EvidentaGestiuniiDeseurilor104.pdf\"}',NULL,NULL,NULL,'application/pdf',30881,NULL,NULL,'default',NULL,NULL,NULL,'2016-10-10 21:29:01','2016-10-10 21:29:01','Document generat de formular',0,NULL),(46,'EvidentaGestiuniiDeseurilor104.pdf',NULL,0,'sonata.media.provider.file',1,'c0054e7a1656b6ccb6b33559b59d2b4d66fe47fd.pdf','{\"filename\":\"EvidentaGestiuniiDeseurilor104.pdf\"}',NULL,NULL,NULL,'application/pdf',30881,NULL,NULL,'default',NULL,NULL,NULL,'2016-10-11 09:47:10','2016-10-11 09:47:10','Document generat de formular',0,NULL),(47,'EvidentaGestiuniiDeseurilor104.pdf',NULL,0,'sonata.media.provider.file',1,'f7c3f52a777ce35857639c2ea61879fc235c5f03.pdf','{\"filename\":\"EvidentaGestiuniiDeseurilor104.pdf\"}',NULL,NULL,NULL,'application/pdf',31149,NULL,NULL,'default',NULL,NULL,NULL,'2016-10-11 10:25:32','2016-10-11 10:25:32','Document generat de formular',0,NULL),(48,'ANEXA nr1 la Legea 211-2011.pdf',NULL,0,'sonata.media.provider.file',1,'f5eb780a87577d8631dabce2c6a6c3fa2edbe802.pdf','{\"filename\":\"ANEXA nr1 la Legea 211-2011.pdf\"}',NULL,NULL,NULL,'application/pdf',291981,NULL,NULL,'default',NULL,NULL,NULL,'2017-02-07 18:28:44','2017-02-07 18:28:44','Document',0,NULL);
/*!40000 ALTER TABLE `media__media` ENABLE KEYS */;
UNLOCK TABLES;

--
-- Table structure for table `migration_versions`
--

DROP TABLE IF EXISTS `migration_versions`;
/*!40101 SET @saved_cs_client     = @@character_set_client */;
/*!40101 SET character_set_client = utf8 */;
CREATE TABLE `migration_versions` (
  `version` varchar(255) COLLATE utf8_unicode_ci NOT NULL,
  PRIMARY KEY (`version`)
) ENGINE=InnoDB DEFAULT CHARSET=utf8 COLLATE=utf8_unicode_ci;
/*!40101 SET character_set_client = @saved_cs_client */;

--
-- Dumping data for table `migration_versions`
--

LOCK TABLES `migration_versions` WRITE;
/*!40000 ALTER TABLE `migration_versions` DISABLE KEYS */;
INSERT INTO `migration_versions` VALUES ('20160713155523'),('20160713180336'),('20160716232715');
/*!40000 ALTER TABLE `migration_versions` ENABLE KEYS */;
UNLOCK TABLES;

--
-- Table structure for table `order_domain`
--

DROP TABLE IF EXISTS `order_domain`;
/*!40101 SET @saved_cs_client     = @@character_set_client */;
/*!40101 SET character_set_client = utf8 */;
CREATE TABLE `order_domain` (
  `order_id` int(11) NOT NULL,
  `domain_id` int(11) NOT NULL,
  PRIMARY KEY (`order_id`,`domain_id`),
  KEY `IDX_64260EDE8D9F6D38` (`order_id`),
  KEY `IDX_64260EDE115F0EE5` (`domain_id`),
  CONSTRAINT `FK_64260EDE115F0EE5` FOREIGN KEY (`domain_id`) REFERENCES `domain` (`id`) ON DELETE CASCADE,
  CONSTRAINT `FK_64260EDE8D9F6D38` FOREIGN KEY (`order_id`) REFERENCES `orders` (`id`) ON DELETE CASCADE
) ENGINE=InnoDB DEFAULT CHARSET=utf8 COLLATE=utf8_unicode_ci;
/*!40101 SET character_set_client = @saved_cs_client */;

--
-- Dumping data for table `order_domain`
--

LOCK TABLES `order_domain` WRITE;
/*!40000 ALTER TABLE `order_domain` DISABLE KEYS */;
INSERT INTO `order_domain` VALUES (1,1),(1,3),(1,4),(2,1),(2,2),(2,3),(2,4),(2,5),(2,6),(3,1),(3,2),(3,3),(3,4),(3,5),(3,6),(4,1),(4,2),(4,3),(4,4),(4,5),(5,1),(5,2),(5,3),(5,4),(5,5),(6,1),(6,2),(6,3),(6,4),(6,5),(7,1),(7,2),(7,3),(7,4),(7,5),(8,1),(8,2),(8,3),(8,4),(8,5),(9,1),(9,2),(9,3),(9,4),(9,5),(10,2),(10,3),(10,5),(11,1),(11,3);
/*!40000 ALTER TABLE `order_domain` ENABLE KEYS */;
UNLOCK TABLES;

--
-- Table structure for table `orders`
--

DROP TABLE IF EXISTS `orders`;
/*!40101 SET @saved_cs_client     = @@character_set_client */;
/*!40101 SET character_set_client = utf8 */;
CREATE TABLE `orders` (
  `id` int(11) NOT NULL AUTO_INCREMENT,
  `approved_user_id` int(11) DEFAULT NULL,
  `last_modified_user_id` int(11) DEFAULT NULL,
  `user_id` int(11) NOT NULL,
  `subscription_id` int(11) DEFAULT NULL,
  `media_id` int(11) DEFAULT NULL,
  `credit_value` int(11) NOT NULL,
  `valability_days` int(11) NOT NULL,
  `domain_amount` int(11) NOT NULL,
  `price` decimal(10,2) DEFAULT '0.00',
  `active` tinyint(1) NOT NULL DEFAULT '0',
  `first_active` tinyint(1) NOT NULL DEFAULT '0',
  `created_at` datetime NOT NULL,
  `approved_date` datetime DEFAULT NULL,
  `mentions` varchar(255) COLLATE utf8_unicode_ci DEFAULT NULL,
  `start_date` datetime DEFAULT NULL,
  `ending_date` datetime DEFAULT NULL,
  `deleted` tinyint(1) NOT NULL DEFAULT '0',
  `deleted_at` datetime DEFAULT NULL,
  PRIMARY KEY (`id`),
  UNIQUE KEY `UNIQ_E52FFDEEEA9FDD75` (`media_id`),
  KEY `IDX_E52FFDEE811D6EB1` (`approved_user_id`),
  KEY `IDX_E52FFDEE9C91CAD5` (`last_modified_user_id`),
  KEY `IDX_E52FFDEEA76ED395` (`user_id`),
  KEY `IDX_E52FFDEE9A1887DC` (`subscription_id`),
  CONSTRAINT `FK_E52FFDEE811D6EB1` FOREIGN KEY (`approved_user_id`) REFERENCES `fos_user_user` (`id`),
  CONSTRAINT `FK_E52FFDEE9A1887DC` FOREIGN KEY (`subscription_id`) REFERENCES `subscription` (`id`),
  CONSTRAINT `FK_E52FFDEE9C91CAD5` FOREIGN KEY (`last_modified_user_id`) REFERENCES `fos_user_user` (`id`),
  CONSTRAINT `FK_E52FFDEEA76ED395` FOREIGN KEY (`user_id`) REFERENCES `fos_user_user` (`id`),
  CONSTRAINT `FK_E52FFDEEEA9FDD75` FOREIGN KEY (`media_id`) REFERENCES `media__media` (`id`)
) ENGINE=InnoDB AUTO_INCREMENT=12 DEFAULT CHARSET=utf8 COLLATE=utf8_unicode_ci;
/*!40101 SET character_set_client = @saved_cs_client */;

--
-- Dumping data for table `orders`
--

LOCK TABLES `orders` WRITE;
/*!40000 ALTER TABLE `orders` DISABLE KEYS */;
INSERT INTO `orders` VALUES (1,1,1,4,3,5,79,365,3,800.00,1,1,'2016-07-26 10:26:22','2016-07-26 11:13:51','Comanda aprobata de administrator.','2016-07-26 11:13:51','2017-07-26 11:13:51',0,NULL),(2,NULL,NULL,5,NULL,NULL,5,7,6,0.00,1,1,'2016-07-26 18:28:59',NULL,'Comanda aferenta contului gratuit.','2016-07-26 18:28:59','2016-08-02 18:28:59',0,NULL),(3,NULL,NULL,6,NULL,NULL,5,7,6,0.00,1,1,'2016-07-27 17:31:01',NULL,'Comanda aferenta contului gratuit.','2016-07-27 17:31:01','2016-08-03 17:31:01',0,NULL),(4,NULL,NULL,6,4,NULL,112,365,5,1000.00,0,0,'2016-10-04 10:18:41',NULL,'Anulata de utilizator',NULL,NULL,1,'2016-10-04 10:37:39'),(5,NULL,NULL,6,4,NULL,112,365,5,1000.00,0,0,'2016-10-04 10:20:25',NULL,'Abonament achizitionat de utilizator.',NULL,NULL,0,NULL),(6,NULL,NULL,6,4,NULL,112,365,5,1000.00,0,0,'2016-10-04 10:21:13',NULL,'Abonament achizitionat de utilizator.',NULL,NULL,0,NULL),(7,NULL,NULL,6,4,NULL,112,365,5,1000.00,0,0,'2016-10-04 10:30:51',NULL,'Anulata de utilizator',NULL,NULL,1,'2016-10-04 10:37:44'),(8,NULL,NULL,6,4,NULL,112,365,5,1000.00,0,0,'2016-10-04 10:31:38',NULL,'Abonament achizitionat de utilizator.',NULL,NULL,0,NULL),(9,1,1,6,4,41,112,365,5,1000.00,1,1,'2016-10-04 10:36:10','2016-10-04 10:38:38','Comanda aprobata de administrator.','2016-10-04 10:38:38','2017-10-04 10:38:38',0,NULL),(10,NULL,NULL,6,3,42,79,365,3,800.00,0,0,'2016-10-04 10:36:43',NULL,'Abonament achizitionat de utilizator.',NULL,NULL,0,NULL),(11,1,1,4,NULL,NULL,1000,365,2,NULL,1,1,'2017-02-08 19:16:32','2017-02-08 19:16:32','Comanda aprobata de administrator.','2017-02-08 19:16:32','2018-02-08 19:16:32',0,NULL);
/*!40000 ALTER TABLE `orders` ENABLE KEYS */;
UNLOCK TABLES;

--
-- Table structure for table `ro_area`
--

DROP TABLE IF EXISTS `ro_area`;
/*!40101 SET @saved_cs_client     = @@character_set_client */;
/*!40101 SET character_set_client = utf8 */;
CREATE TABLE `ro_area` (
  `id` int(11) NOT NULL AUTO_INCREMENT,
  `name` varchar(255) COLLATE utf8_unicode_ci NOT NULL,
  `deleted` tinyint(1) NOT NULL DEFAULT '0',
  `deleted_at` datetime DEFAULT NULL,
  `slug` varchar(255) COLLATE utf8_unicode_ci DEFAULT NULL,
  PRIMARY KEY (`id`)
) ENGINE=InnoDB AUTO_INCREMENT=9 DEFAULT CHARSET=utf8 COLLATE=utf8_unicode_ci;
/*!40101 SET character_set_client = @saved_cs_client */;

--
-- Dumping data for table `ro_area`
--

LOCK TABLES `ro_area` WRITE;
/*!40000 ALTER TABLE `ro_area` DISABLE KEYS */;
INSERT INTO `ro_area` VALUES (1,'Nord-Est',0,NULL,'nord-est'),(2,'Sud-Est',0,NULL,'sud-est'),(3,'Sud-Muntenia',0,NULL,'sud-muntenia'),(4,'Sud-Vest Oltenia',0,NULL,'sud-vestoltenia'),(5,'Vest',0,NULL,'vest'),(6,'Nord-Vest',0,NULL,'nord-vest'),(7,'Centru',0,NULL,'centru'),(8,'Bucuresti-Ilfov',0,NULL,'bucuresti-ilfov');
/*!40000 ALTER TABLE `ro_area` ENABLE KEYS */;
UNLOCK TABLES;

--
-- Table structure for table `ro_city`
--

DROP TABLE IF EXISTS `ro_city`;
/*!40101 SET @saved_cs_client     = @@character_set_client */;
/*!40101 SET character_set_client = utf8 */;
CREATE TABLE `ro_city` (
  `id` int(11) NOT NULL AUTO_INCREMENT,
  `county_id` int(11) DEFAULT NULL,
  `name` varchar(255) COLLATE utf8_unicode_ci NOT NULL,
  `slug` varchar(255) COLLATE utf8_unicode_ci DEFAULT NULL,
  PRIMARY KEY (`id`),
  KEY `IDX_A96526C185E73F45` (`county_id`),
  CONSTRAINT `FK_A96526C185E73F45` FOREIGN KEY (`county_id`) REFERENCES `ro_county` (`id`)
) ENGINE=InnoDB AUTO_INCREMENT=3185 DEFAULT CHARSET=utf8 COLLATE=utf8_unicode_ci;
/*!40101 SET character_set_client = @saved_cs_client */;

--
-- Dumping data for table `ro_city`
--

LOCK TABLES `ro_city` WRITE;
/*!40000 ALTER TABLE `ro_city` DISABLE KEYS */;
INSERT INTO `ro_city` VALUES (1,2,'Arad','arad'),(2,2,'Chisineu Cris','chisineu-cris'),(3,2,'Curtici','curtici'),(4,2,'Ineu','ineu'),(5,2,'Lipova','lipova'),(6,2,'Nadlac','nadlac'),(7,2,'Pancota','pancota'),(8,2,'Pecica','pecica'),(9,2,'Santana','santana'),(10,2,'Sebis','sebis'),(11,2,'Almas','almas'),(12,2,'Apateu','apateu'),(13,2,'Archis','archis'),(14,2,'Barsa','barsa'),(15,2,'Barzava','barzava'),(16,2,'Bata','bata'),(17,2,'Beliu','beliu'),(18,2,'Birchis','birchis'),(19,2,'Bocsig','bocsig'),(20,2,'Brazii','brazii'),(21,2,'Buteni','buteni'),(22,2,'Carand','carand'),(23,2,'Cermei','cermei'),(24,2,'Chisindia','chisindia'),(25,2,'Conop','conop'),(26,2,'Covasant','covasant'),(27,2,'Craiva','craiva'),(28,2,'Dezna','dezna'),(29,2,'Dieci','dieci'),(30,2,'Dorobanti','dorobanti'),(31,2,'Fantanele','fantanele'),(32,2,'Felnac','felnac'),(33,2,'Frumuseni','frumuseni'),(34,2,'Ghiorc','ghiorc'),(35,2,'Graniceri','graniceri'),(36,2,'Gurahont','gurahont'),(37,2,'Halmagel','halmagel'),(38,2,'Halmagiu','halmagiu'),(39,2,'Hasmas','hasmas'),(40,2,'Ignesti','ignesti'),(41,2,'Iratosu','iratosu'),(42,2,'Livada','livada'),(43,2,'Macea','macea'),(44,2,'Misca','misca'),(45,2,'Moneasa','moneasa'),(46,2,'Olari','olari'),(47,2,'Paulis','paulis'),(48,2,'Peregu Mare','peregu-mare'),(49,2,'Petris','petris'),(50,2,'Pilu','pilu'),(51,2,'Plescuta','plescuta'),(52,2,'Sagu','sagu'),(53,2,'Savarsin','savarsin'),(54,2,'Secusigiu','secusigiu'),(55,2,'Seitin','seitin'),(56,2,'Seleus','seleus'),(57,2,'Semlac','semlac'),(58,2,'Sepreus','sepreus'),(59,2,'Sicula','sicula'),(60,2,'Silindia','silindia'),(61,2,'Simand','simand'),(62,2,'Sintea Mare','sintea-mare'),(63,2,'Siria','siria'),(64,2,'Sistarovat','sistarovat'),(65,2,'Socodor','socodor'),(66,2,'Sofronea','sofronea'),(67,2,'Tarnova','tarnova'),(68,2,'Taut','taut'),(69,2,'Ususau','ususau'),(70,2,'Varadia de Mures','varadia-de-mures'),(71,2,'Varfurile','varfurile'),(72,2,'Vinga','vinga'),(73,2,'Vladimirescu','vladimirescu'),(74,2,'Zabrani','zabrani'),(75,2,'Zadareni','zadareni'),(76,2,'Zarand','zarand'),(77,2,'Zerind','zerind'),(78,2,'Zimandu Nou','zimandu-nou'),(79,1,'Abrud','abrud'),(80,1,'Aiud','aiud'),(81,1,'Alba Iulia','alba-iulia'),(82,1,'Baia de Aries','baia-de-aries'),(83,1,'Blaj','blaj'),(84,1,'Campeni','campeni'),(85,1,'Cugir','cugir'),(86,1,'Ocna Mures','ocna-mures'),(87,1,'Sebes','sebes'),(88,1,'Teius','teius'),(89,1,'Zlatina','zlatina'),(90,1,'Albac','albac'),(91,1,'Almasu Mare','almasu-mare'),(92,1,'Arieseni','arieseni'),(93,1,'Avram Iancu','avram-iancu'),(94,1,'Berghin','berghin'),(95,1,'Bistra','bistra'),(96,1,'Blandiana','blandiana'),(97,1,'Bucerdea Granoasa','bucerdea-granoasa'),(98,1,'Bucium','bucium'),(99,1,'Calnic','calnic'),(100,1,'Cenade','cenade'),(101,1,'Cergau','cergau'),(102,1,'Ceru-Bacainti','ceru-bacainti'),(103,1,'Cetatea de Balta','cetatea-de-balta'),(104,1,'Ciugud','ciugud'),(105,1,'Ciuruleasa','ciuruleasa'),(106,1,'Craciunelu de Jos','craciunelu-de-jos'),(107,1,'Cricau','cricau'),(108,1,'Cut','cut'),(109,1,'Daia Romana','daia-romana'),(110,1,'Dostat','dostat'),(111,1,'Farau','farau'),(112,1,'Galda de Jos','galda-de-jos'),(113,1,'Garbova','garbova'),(114,1,'Garda de Sus','garda-de-sus'),(115,1,'Hoparta','hoparta'),(116,1,'Horea','horea'),(117,1,'Ighiu','ighiu'),(118,1,'Intregalde','intregalde'),(119,1,'Jidvei','jidvei'),(120,1,'Livezile','livezile'),(121,1,'Lopadea Noua','lopadea-noua'),(122,1,'Lunca Muresului','lunca-muresului'),(123,1,'Lupsa','lupsa'),(124,1,'Metes','metes'),(125,1,'Mihalt','mihalt'),(126,1,'Miraslau','miraslau'),(127,1,'Mogos','mogos'),(128,1,'Noslac','noslac'),(129,1,'Ocolis','ocolis'),(130,1,'Ohaba','ohaba'),(131,1,'Pianu','pianu'),(132,1,'Poiana Vadului','poiana-vadului'),(133,1,'Ponor','ponor'),(134,1,'Posaga','posaga'),(135,1,'Radesti','radesti'),(136,1,'Ramet','ramet'),(137,1,'Rimetea','rimetea'),(138,1,'Rosia de Secas','rosia-de-secas'),(139,1,'Rosia Montana','rosia-montana'),(140,1,'Salciua','salciua'),(141,1,'Salistea','salistea'),(142,1,'Sancel','sancel'),(143,1,'Santimbru','santimbru'),(144,1,'Sasciori','sasciori'),(145,1,'Scarisoara','scarisoara'),(146,1,'Sibot','sibot'),(147,1,'Sohodol','sohodol'),(148,1,'Sona','sona'),(149,1,'Spring','spring'),(150,1,'Stremt','stremt'),(151,1,'Sugag','sugag'),(152,1,'Unirea','unirea'),(153,1,'Vadu Motilor','vadu-motilor'),(154,1,'Valea Lunga','valea-lunga'),(155,1,'Vidra','vidra'),(156,1,'Vintu de Jos','vintu-de-jos'),(157,3,'Campulung','campulung'),(158,3,'Costesti','costesti'),(159,3,'Curtea de Arges','curtea-de-arges'),(160,3,'Mioveni','mioveni'),(161,3,'Pitesti','pitesti'),(162,3,'Stefanesti','stefanesti'),(163,3,'Topoloveni','topoloveni'),(164,3,'Albestii de Arges','albestii-de-arges'),(165,3,'Albestii de Muscel','albestii-de-muscel'),(166,3,'Albota','albota'),(167,3,'Aninoasa','aninoasa'),(168,3,'Arefu','arefu'),(169,3,'Babana','babana'),(170,3,'Baiculesti','baiculesti'),(171,3,'Balilesti','balilesti'),(172,3,'Barla','barla'),(173,3,'Bascov','bascov'),(174,3,'Beleti-Negresti','beleti-negresti'),(175,3,'Berevoesti','berevoesti'),(176,3,'Bogati','bogati'),(177,3,'Boteni','boteni'),(178,3,'Botesti','botesti'),(179,3,'Bradu','bradu'),(180,3,'Bradulet','bradulet'),(181,3,'Budeasa','budeasa'),(182,3,'Bughea de Jos','bughea-de-jos'),(183,3,'Bughea de Sus','bughea-de-sus'),(184,3,'Buzoesti','buzoesti'),(185,3,'Caldararu','caldararu'),(186,3,'Calinesti','calinesti'),(187,3,'Cateasca','cateasca'),(188,3,'Cepari','cepari'),(189,3,'Cetateni','cetateni'),(190,3,'Ciocanesti','ciocanesti'),(191,3,'Ciofrangeni','ciofrangeni'),(192,3,'Ciomagesti','ciomagesti'),(193,3,'Cocu','cocu'),(194,3,'Corbeni','corbeni'),(195,3,'Corbi','corbi'),(196,3,'Cosesti','cosesti'),(197,3,'Cotmeana','cotmeana'),(198,3,'Cuca','cuca'),(199,3,'Dambovicioara','dambovicioara'),(200,3,'Darmanesti','darmanesti'),(201,3,'Davidesti','davidesti'),(202,3,'Dobresti','dobresti'),(203,3,'Domnesti','domnesti'),(204,3,'Draganu','draganu'),(205,3,'Dragoslavele','dragoslavele'),(206,3,'Godeni','godeni'),(207,3,'Harsesti','harsesti'),(208,3,'Hartiesti','hartiesti'),(209,3,'Izvoru','izvoru'),(210,3,'Leordeni','leordeni'),(211,3,'Leresti','leresti'),(212,3,'Lunca Corbului','lunca-corbului'),(213,3,'Malureni','malureni'),(214,3,'Maracineni','maracineni'),(215,3,'Merisani','merisani'),(216,3,'Micesti','micesti'),(217,3,'Mihaesti','mihaesti'),(218,3,'Mioarele','mioarele'),(219,3,'Mirosi','mirosi'),(220,3,'Moraresti','moraresti'),(221,3,'Mosoaia','mosoaia'),(222,3,'Mozaceni','mozaceni'),(223,3,'Musatesti','musatesti'),(224,3,'Negrasi','negrasi'),(225,3,'Nucsoara','nucsoara'),(226,3,'Oarja','oarja'),(227,3,'Pietrosani','pietrosani'),(228,3,'Poiana Lacului','poiana-lacului'),(229,3,'Poienarii de Arges','poienarii-de-arges'),(230,3,'Poienarii de Muscel','poienarii-de-muscel'),(231,3,'Popesti','popesti'),(232,3,'Priboieni','priboieni'),(233,3,'Raca','raca'),(234,3,'Ratesti','ratesti'),(235,3,'Recea','recea'),(236,3,'Rociu','rociu'),(237,3,'Rucar','rucar'),(238,3,'Salatrucu','salatrucu'),(239,3,'Sapata','sapata'),(240,3,'Schitu Golesti','schitu-golesti'),(241,3,'Slobozia','slobozia'),(242,3,'Stalpeni','stalpeni'),(243,3,'Stefan cel Mare','stefan-cel-mare'),(244,3,'Stoenesti','stoenesti'),(245,3,'Stolnici','stolnici'),(246,3,'Suici','suici'),(247,3,'Suseni','suseni'),(248,3,'Teiu','teiu'),(249,3,'Tigveni','tigveni'),(250,3,'Titesti','titesti'),(251,3,'Uda','uda'),(252,3,'Ungheni','ungheni'),(253,3,'Valea Danului','valea-danului'),(254,3,'Valea Iasului','valea-iasului'),(255,3,'Mare-Pravat','mare-pravat'),(256,3,'Vedea','vedea'),(257,3,'Vladesti','vladesti'),(258,3,'Vulturesti','vulturesti'),(259,4,'Bacau','bacau'),(260,4,'Buhusi','buhusi'),(261,4,'Comanesti','comanesti'),(262,4,'Darmanesti','darmanesti'),(263,4,'Moinesti','moinesti'),(264,4,'Onesti','onesti'),(265,4,'Slanic-Moldova','slanic-moldova'),(266,4,'Targu-Ocna','targu-ocna'),(267,4,'Agas','agas'),(268,4,'Ardeoani','ardeoani'),(269,4,'Asau','asau'),(270,4,'Balcani','balcani'),(271,4,'Barsanesti','barsanesti'),(272,4,'Beresti-Bistrita','beresti-bistrita'),(273,4,'Beresti-Tazlau','beresti-tazlau'),(274,4,'Berzunti','berzunti'),(275,4,'Blagesti','blagesti'),(276,4,'Bogdanesti','bogdanesti'),(277,4,'Brusturoasa','brusturoasa'),(278,4,'Buciumi','buciumi'),(279,4,'Buhoci','buhoci'),(280,4,'Caiuti','caiuti'),(281,4,'Casin','casin'),(282,4,'Cleja','cleja'),(283,4,'Colonesti','colonesti'),(284,4,'Corbasca','corbasca'),(285,4,'Cotofanesti','cotofanesti'),(286,4,'Damienesti','damienesti'),(287,4,'Dealu Morii','dealu-morii'),(288,4,'Dofteana','dofteana'),(289,4,'Faraoani','faraoani'),(290,4,'Filipeni','filipeni'),(291,4,'Filipesti','filipesti'),(292,4,'Gaiceana','gaiceana'),(293,4,'Garleni','garleni'),(294,4,'Ghimes-Faget','ghimes-faget'),(295,4,'Gioseni','gioseni'),(296,4,'Glavanesti','glavanesti'),(297,4,'Gura Vaii','gura-vaii'),(298,4,'Helegiu','helegiu'),(299,4,'Hemeius','hemeius'),(300,4,'Horgesti','horgesti'),(301,4,'Huruiesti','huruiesti'),(302,4,'Itesti','itesti'),(303,4,'Izvoru Berheciului','izvoru-berheciului'),(304,4,'Letea Veche','letea-veche'),(305,4,'Lipova','lipova'),(306,4,'Livezi','livezi'),(307,4,'Luizi-Calugara','luizi-calugara'),(308,4,'Magiresti','magiresti'),(309,4,'Magura','magura'),(310,4,'Manastirea Casin','manastirea-casin'),(311,4,'Margineni','margineni'),(312,4,'Motoseni','motoseni'),(313,4,'Negri','negri'),(314,4,'Nicolae Balcesu','nicolae-balcesu'),(315,4,'Odobest','odobest'),(316,4,'Oituz','oituz'),(317,4,'Oncesti','oncesti'),(318,4,'Orbeni','orbeni'),(319,4,'Palanca','palanca'),(320,4,'Pancesti','pancesti'),(321,4,'Parava','parava'),(322,4,'Pargaresti','pargaresti'),(323,4,'Parincea','parincea'),(324,4,'Parjol','parjol'),(325,4,'Plopana','plopana'),(326,4,'Podu Turcului','podu-turcului'),(327,4,'Poduri','poduri'),(328,4,'Prajesti ','prajesti-'),(329,4,'Racaciuni','racaciuni'),(330,4,'Rachitoasa','rachitoasa'),(331,4,'Racova','racova'),(332,4,'Rosiori','rosiori'),(333,4,'Sanduleni','sanduleni'),(334,4,'Sarata','sarata'),(335,4,'Sascut','sascut'),(336,4,'Saucesti','saucesti'),(337,4,'Scorteni','scorteni'),(338,4,'Secuieni','secuieni'),(339,4,'Solont','solont'),(340,4,'Stanisesti','stanisesti'),(341,4,'Stefan cel Mare','stefan-cel-mare'),(342,4,'Strugari','strugari'),(343,4,'Tamasi','tamasi'),(344,4,'Targu Trotus','targu-trotus'),(345,4,'Tatarasti','tatarasti'),(346,4,'Traian','traian'),(347,4,'Ungureni','ungureni'),(348,4,'Urechesti','urechesti'),(349,4,'Valea Seaca','valea-seaca'),(350,4,'Vultureni','vultureni'),(351,4,'Zemes','zemes'),(352,5,'Alesd','alesd'),(353,5,'Beius','beius'),(354,5,'Marghita','marghita'),(355,5,'Nucet','nucet'),(356,5,'Oradea','oradea'),(357,5,'Sacueni','sacueni'),(358,5,'Salonta','salonta'),(359,5,'Stei','stei'),(360,5,'Valea lui Mihai','valea-lui-mihai'),(361,5,'Vascau','vascau'),(362,5,'Abram','abram'),(363,5,'Abramut','abramut'),(364,5,'Astileu','astileu'),(365,5,'Auseu','auseu'),(366,5,'Avram Iancu','avram-iancu'),(367,5,'Balc','balc'),(368,5,'Batar','batar'),(369,5,'Biharia','biharia'),(370,5,'Boianu Mare','boianu-mare'),(371,5,'Borod','borod'),(372,5,'Bors','bors'),(373,5,'Bratca','bratca'),(374,5,'Brusturi','brusturi'),(375,5,'Budureasa','budureasa'),(376,5,'Buduslau','buduslau'),(377,5,'Bulz','bulz'),(378,5,'Buntesti','buntesti'),(379,5,'Cabesti','cabesti'),(380,5,'Campani','campani'),(381,5,'Capalna','capalna'),(382,5,'Carpinet','carpinet'),(383,5,'Cefa','cefa'),(384,5,'Ceica','ceica'),(385,5,'Cetariu','cetariu'),(386,5,'Cherechiu','cherechiu'),(387,5,'Chislaz','chislaz'),(388,5,'Ciuhoi','ciuhoi'),(389,5,'Ciumeghiu','ciumeghiu'),(390,5,'Cociuba Mare','cociuba-mare'),(391,5,'Copacel','copacel'),(392,5,'Cristioru de Jos','cristioru-de-jos'),(393,5,'Curatele','curatele'),(394,5,'Curtuiseni','curtuiseni'),(395,5,'Derna','derna'),(396,5,'Diosig','diosig'),(397,5,'Dobresti','dobresti'),(398,5,'Dragnesti','dragnesti'),(399,5,'Finis','finis'),(400,5,'Gepiu','gepiu'),(401,5,'Grisu de Cris ','grisu-de-cris-'),(402,5,'Hidiselu de Sus','hidiselu-de-sus'),(403,5,'Holod','holod'),(404,5,'Husasau de Tinca','husasau-de-tinca'),(405,5,'Ineu','ineu'),(406,5,'Lazareni','lazareni'),(407,5,'Lazuri de Beius','lazuri-de-beius'),(408,5,'Lugasu de Jos','lugasu-de-jos'),(409,5,'Lunca','lunca'),(410,5,'Madaras','madaras'),(411,5,'Magesti','magesti'),(412,5,'Nojorid','nojorid'),(413,5,'Olcea','olcea'),(414,5,'Osorhei','osorhei'),(415,5,'Paleu','paleu'),(416,5,'Pietroasa','pietroasa'),(417,5,'Pocola','pocola'),(418,5,'Pomezeu','pomezeu'),(419,5,'Popesti','popesti'),(420,5,'Rabagani','rabagani'),(421,5,'Remetea ','remetea-'),(422,5,'Rieni','rieni'),(423,5,'Rosia','rosia'),(424,5,'Rosiori','rosiori'),(425,5,'Sacadat','sacadat'),(426,5,'Salacea','salacea'),(427,5,'Salard','salard'),(428,5,'Sambata','sambata'),(429,5,'Sanmartin','sanmartin'),(430,5,'Sannicolau Roman','sannicolau-roman'),(431,5,'Santandrei','santandrei'),(432,5,'Sarbi','sarbi'),(433,5,'Simian','simian'),(434,5,'Sinteu','sinteu'),(435,5,'Soimi','soimi'),(436,5,'Spinus','spinus'),(437,5,'Suncuius','suncuius'),(438,5,'Suplacu de Barcau','suplacu-de-barcau'),(439,5,'Tamaseu','tamaseu'),(440,5,'Tarcaia','tarcaia'),(441,5,'Tarcea','tarcea'),(442,5,'Tauteu','tauteu'),(443,5,'Tetchea','tetchea'),(444,5,'Tileagd','tileagd'),(445,5,'Tinca','tinca'),(446,5,'Toboliu','toboliu'),(447,5,'Tulca','tulca'),(448,5,'Uileacu de Beius','uileacu-de-beius'),(449,5,'Vadu Crisului','vadu-crisului'),(450,5,'Varciorog','varciorog'),(451,5,'Viisoara','viisoara'),(452,9,'Brasov','brasov'),(453,9,'Codlea','codlea'),(454,9,'Fagaras','fagaras'),(455,9,'Ghimbav','ghimbav'),(456,9,'Predeal','predeal'),(457,9,'Rasnov','rasnov'),(458,9,'Rupea','rupea'),(459,9,'Sacele','sacele'),(460,9,'Victoria','victoria'),(461,9,'Zarnesti','zarnesti'),(462,9,'Apata','apata'),(463,9,'Augustin','augustin'),(464,9,'Beclean','beclean'),(465,9,'Bod','bod'),(466,9,'Bran','bran'),(467,9,'Budila','budila'),(468,9,'Bunesti','bunesti'),(469,9,'Cata','cata'),(470,9,'Cincu','cincu'),(471,9,'Comana','comana'),(472,9,'Cristian','cristian'),(473,9,'Crizbav','crizbav'),(474,9,'Dragus','dragus'),(475,9,'Dumbravita','dumbravita'),(476,9,'Feldioara','feldioara'),(477,9,'Fundata','fundata'),(478,9,'Halchiu','halchiu'),(479,9,'Harman','harman'),(480,9,'Harseni','harseni'),(481,9,'Hoghiz','hoghiz'),(482,9,'Holbav','holbav'),(483,9,'Homorod','homorod'),(484,9,'Jibert','jibert'),(485,9,'Lisa','lisa'),(486,9,'Maierus','maierus'),(487,9,'Mandra','mandra'),(488,9,'Moieciu','moieciu'),(489,9,'Ormenis','ormenis'),(490,9,'Parau','parau'),(491,9,'Poiana Marului','poiana-marului'),(492,9,'Prejmer','prejmer'),(493,9,'Racos','racos'),(494,9,'Recea','recea'),(495,9,'Sambata de Sus','sambata-de-sus'),(496,9,'Sanpetru','sanpetru'),(497,9,'Sercaia','sercaia'),(498,9,'Sinca','sinca'),(499,9,'Sinca Noua','sinca-noua'),(500,9,'Soars','soars'),(501,9,'Tarlungeni','tarlungeni'),(502,9,'Teliu','teliu'),(503,9,'Ticusu','ticusu'),(504,9,'Ucea','ucea'),(505,9,'Ungra','ungra'),(506,9,'Vama Buzaului','vama-buzaului'),(507,9,'Vistea','vistea'),(508,9,'Voila','voila'),(509,9,'Vulcan','vulcan'),(510,6,'Beclean','beclean'),(511,6,'Bistrita','bistrita'),(512,6,'Nasaud','nasaud'),(513,6,'Sangeorz-Bai','sangeorz-bai'),(514,6,'Bistrita Bargaului','bistrita-bargaului'),(515,6,'Branistea','branistea'),(516,6,'Budacu de Jos','budacu-de-jos'),(517,6,'Budesti','budesti'),(518,6,'Caianu Mic','caianu-mic'),(519,6,'Cetate','cetate'),(520,6,'Chiochis','chiochis'),(521,6,'Chiuza','chiuza'),(522,6,'Ciceu-Giurgesti','ciceu-giurgesti'),(523,6,'Ciceu-Mihaiesti','ciceu-mihaiesti'),(524,6,'Cosbuc','cosbuc'),(525,6,'Dumitra','dumitra'),(527,6,'Feldru','feldru'),(528,6,'Galatii Bistritei','galatii-bistritei'),(529,6,'Ilva Mare','ilva-mare'),(530,6,'Ilva Mica','ilva-mica'),(531,6,'Josenii Bargaului','josenii-bargaului'),(532,6,'Lechinta','lechinta'),(533,6,'Lesu','lesu'),(534,6,'Livezile','livezile'),(535,6,'Lunca Ilvei','lunca-ilvei'),(536,6,'Magura Ilvei','magura-ilvei'),(537,6,'Maieru','maieru'),(538,6,'Mariselu','mariselu'),(539,6,'Matei','matei'),(540,6,'Micestii de Campie','micestii-de-campie'),(541,6,'Milas','milas'),(542,6,'Monor','monor'),(543,6,'Negrilesti','negrilesti'),(544,6,'Nimigea','nimigea'),(545,6,'Nuseni','nuseni'),(546,6,'Parva','parva'),(547,6,'Petru Rares','petru-rares'),(548,6,'Poiana Ilvei','poiana-ilvei'),(549,6,'Prundu Bargaului','prundu-bargaului'),(550,6,'Rebra','rebra'),(551,6,'Rebrisoara','rebrisoara'),(552,6,'Rodna','rodna'),(553,6,'Romuli','romuli'),(554,6,'Runcu Salvei','runcu-salvei'),(555,6,'Salva','salva'),(556,6,'Sanmihaiu de Campie','sanmihaiu-de-campie'),(557,6,'Sant','sant'),(558,6,'Sieu','sieu'),(559,6,'Sieu-Magherus','sieu-magherus'),(560,6,'Sieu-Odorhei','sieu-odorhei'),(561,6,'Sieut','sieut'),(562,6,'Silivasu de Campie','silivasu-de-campie'),(563,6,'Sintereag','sintereag'),(564,6,'Spermezeu','spermezeu'),(565,6,'Tarlisua','tarlisua'),(566,6,'Teaca','teaca'),(567,6,'Telciu','telciu'),(568,6,'Tiha Bargaului','tiha-bargaului'),(569,6,'Uriu','uriu'),(570,6,'Urmenis','urmenis'),(571,6,'Zagra','zagra'),(572,7,'Botosani','botosani'),(573,7,'Bucecea','bucecea'),(574,7,'Darabani','darabani'),(575,7,'Dorohoi','dorohoi'),(576,7,'Flamanzi','flamanzi'),(577,7,'Saveni','saveni'),(578,7,'Stefanesti','stefanesti'),(579,7,'Adaseni','adaseni'),(580,7,'Albesti','albesti'),(581,7,'Avrameni','avrameni'),(582,7,'Baluseni','baluseni'),(583,7,'Blandesti','blandesti'),(584,7,'Braesti','braesti'),(585,7,'Broscauti','broscauti'),(586,7,'Calarasi','calarasi'),(587,7,'Candesti','candesti'),(588,7,'Concesti','concesti'),(589,7,'Copalau','copalau'),(590,7,'Cordareni','cordareni'),(591,7,'Corlateni','corlateni'),(592,7,'Corni','corni'),(593,7,'Cosula','cosula'),(594,7,'Cotusca','cotusca'),(595,7,'Cristesti','cristesti'),(596,7,'Cristinesti','cristinesti'),(597,7,'Curtesti','curtesti'),(598,7,'Dangeni','dangeni'),(599,7,'Dersca','dersca'),(600,7,'Dimacheni','dimacheni'),(601,7,'Dobarceni','dobarceni'),(602,7,'Draguseni','draguseni'),(603,7,'Durnesti','durnesti'),(604,7,'Frumusica','frumusica'),(605,7,'George Enescu','george-enescu'),(606,7,'Gorbanesti','gorbanesti'),(607,7,'Hanesti','hanesti'),(608,7,'Havarna','havarna'),(609,7,'Hiliseu-Horia','hiliseu-horia'),(610,7,'Hlipiceni','hlipiceni'),(611,7,'Hudesti','hudesti'),(612,7,'Ibanesti','ibanesti'),(613,7,'Leorda','leorda'),(614,7,'Lozna','lozna'),(615,7,'Lunca','lunca'),(616,7,'Manoleasa','manoleasa'),(617,7,'Mihai Eminescu','mihai-eminescu'),(618,7,'Mihaileni','mihaileni'),(619,7,'Mihalaseni','mihalaseni'),(620,7,'Mileanca','mileanca'),(621,7,'Mitoc','mitoc'),(622,7,'Nicseni','nicseni'),(623,7,'Paltinis','paltinis'),(624,7,'Pomarla','pomarla'),(625,7,'Prajeni','prajeni'),(626,7,'Rachiti','rachiti'),(627,7,'Radauti-Prut','radauti-prut'),(628,7,'Rauseni','rauseni'),(629,7,'Ripiceni','ripiceni'),(630,7,'Roma','roma'),(631,7,'Romanesti','romanesti'),(632,7,'Santa Mare','santa-mare'),(633,7,'Sendriceni','sendriceni'),(634,7,'Stauceni','stauceni'),(635,7,'Stiubieni','stiubieni'),(636,7,'Suharau','suharau'),(637,7,'Sulita','sulita'),(638,7,'Todireni','todireni'),(639,7,'Trusesti','trusesti'),(640,7,'Tudora','tudora'),(641,7,'Ungureni','ungureni'),(642,7,'Unteni','unteni'),(643,7,'Vaculesti','vaculesti'),(644,7,'Varfu Campului','varfu-campului'),(645,7,'Viisoara','viisoara'),(646,7,'Vladeni','vladeni'),(647,7,'Vlasinesti','vlasinesti'),(648,7,'Vorniceni','vorniceni'),(649,7,'Vorona','vorona'),(650,8,'Braila','braila'),(651,8,'Faurei','faurei'),(652,8,'Ianca','ianca'),(653,8,'Insuratei','insuratei'),(654,8,'Baraganul','baraganul'),(655,8,'Bertestii de Jos','bertestii-de-jos'),(656,8,'Bordei Verde','bordei-verde'),(657,8,'Cazasu','cazasu'),(658,8,'Chiscani','chiscani'),(659,8,'Ciocile','ciocile'),(660,8,'Ciresu','ciresu'),(661,8,'Dudesti','dudesti'),(662,8,'Frecatei','frecatei'),(663,8,'Galbenu','galbenu'),(664,8,'Gemenele','gemenele'),(665,8,'Gradistea','gradistea'),(666,8,'Gropeni','gropeni'),(667,8,'Jirlau','jirlau'),(668,8,'Marasu','marasu'),(669,8,'Maxineni','maxineni'),(670,8,'Mircea Voda','mircea-voda'),(671,8,'Movila Miresii','movila-miresii'),(672,8,'Racovita','racovita'),(673,8,'Ramnicelu','ramnicelu'),(674,8,'Romanu','romanu'),(675,8,'Rosiori','rosiori'),(676,8,'Salcia Tudor','salcia-tudor'),(677,8,'Scortaru Nou','scortaru-nou'),(678,8,'Silistea','silistea'),(679,8,'Stancuta','stancuta'),(680,8,'Surdila-Gaiseanca','surdila-gaiseanca'),(681,8,'Surdila-Greci','surdila-greci'),(682,8,'Sutesti','sutesti'),(683,8,'Tichilesti','tichilesti'),(684,8,'Traian','traian'),(685,8,'Tudor Vladimirescu','tudor-vladimirescu'),(686,8,'Tufesti','tufesti'),(687,8,'Ulmu','ulmu'),(688,8,'Unirea','unirea'),(689,8,'Vadeni','vadeni'),(690,8,'Victoria','victoria'),(691,8,'Visani','visani'),(692,8,'Viziru','viziru'),(693,8,'Zavoaia','zavoaia'),(694,53,'Sector 1','sector-1'),(695,53,'Sector 2','sector-2'),(696,53,'Sector 3','sector-3'),(697,53,'Sector 4','sector-4'),(698,53,'Sector 5','sector-5'),(699,53,'Sector 6','sector-6'),(700,11,'Budesti','budesti'),(701,11,'Calarasi','calarasi'),(702,11,'Fundulea','fundulea'),(703,11,'Lehliu-Gara','lehliu-gara'),(704,11,'Oltenita','oltenita'),(705,11,'Alexandru Odobescu','alexandru-odobescu'),(706,11,'Belciugatele','belciugatele'),(707,11,'Borcea','borcea'),(708,11,'Cascioarele','cascioarele'),(709,11,'Chirnogi','chirnogi'),(710,11,'Chiselet','chiselet'),(711,11,'Ciocanesti','ciocanesti'),(712,11,'Crivat','crivat'),(713,11,'Curcani','curcani'),(714,11,'Cuza Voda','cuza-voda'),(715,11,'Dichiseni','dichiseni'),(716,11,'Dor Marunt','dor-marunt'),(717,11,'Dorobantu','dorobantu'),(718,11,'Dragalina','dragalina'),(719,11,'Dragos Voda','dragos-voda'),(720,11,'Frasinet','frasinet'),(721,11,'Frumusani','frumusani'),(722,11,'Fundeni','fundeni'),(723,11,'Galbinasi','galbinasi'),(724,11,'Gradistea','gradistea'),(725,11,'Gurbanesti','gurbanesti'),(726,11,'Ileana','ileana'),(727,11,'Independenta','independenta'),(728,11,'Jegalia','jegalia'),(729,11,'Lehliu','lehliu'),(730,11,'Luica','luica'),(731,11,'Lupsanu','lupsanu'),(732,11,'Manastrirea','manastrirea'),(733,11,'Mitreni','mitreni'),(734,11,'Modelu','modelu'),(735,11,'Nana','nana'),(736,11,'Nicolae Balcescu','nicolae-balcescu'),(737,11,'Perisoru','perisoru'),(738,11,'Plataresti','plataresti'),(739,11,'Radovanu','radovanu'),(740,11,'Roseti','roseti'),(741,11,'Sarulesti','sarulesti'),(742,11,'Sohatu','sohatu'),(743,11,'Soldanu','soldanu'),(744,11,'Spantov','spantov'),(745,11,'Stefan cel Mare','stefan-cel-mare'),(746,11,'Stefan Voda','stefan-voda'),(747,11,'Tamadau Mare','tamadau-mare'),(748,11,'Ulmeni','ulmeni'),(749,11,'Ulmu','ulmu'),(750,11,'Unirea','unirea'),(751,11,'Valcelele','valcelele'),(752,11,'Valea Argovei','valea-argovei'),(753,11,'Vasilati','vasilati'),(754,11,'Vlad Tepes','vlad-tepes'),(755,13,'Campia Turzii','campia-turzii'),(756,13,'Cluj-Napoca','cluj-napoca'),(757,13,'Dej','dej'),(758,13,'Gherla','gherla'),(759,13,'Huedin','huedin'),(760,13,'Turda','turda'),(761,13,'Aghirescu','aghirescu'),(762,13,'Aiton','aiton'),(763,13,'Alunis','alunis'),(764,13,'Apahida','apahida'),(765,13,'Aschileu','aschileu'),(766,13,'Baciu','baciu'),(767,13,'Baisoara','baisoara'),(768,13,'Belis','belis'),(769,13,'Bobalna','bobalna'),(770,13,'Bontida','bontida'),(771,13,'Borsa','borsa'),(772,13,'Buza','buza'),(773,13,'Caianu','caianu'),(774,13,'Calarasi','calarasi'),(775,13,'Calatele','calatele'),(776,13,'Camarasu','camarasu'),(777,13,'Capusu Mare','capusu-mare'),(778,13,'Caseiu','caseiu'),(779,13,'Catcau','catcau'),(780,13,'Catina','catina'),(781,13,'Ceanu Mare','ceanu-mare'),(782,13,'Chinteni','chinteni'),(783,13,'Chiuiesti','chiuiesti'),(784,13,'Ciucea','ciucea'),(785,13,'Ciurila','ciurila'),(786,13,'Cojocna','cojocna'),(787,13,'Cornesti','cornesti'),(788,13,'Cuzdrioara','cuzdrioara'),(789,13,'Dabaca','dabaca'),(790,13,'Feleacu','feleacu'),(791,13,'Fizesu Gherlii','fizesu-gherlii'),(792,13,'Floresti','floresti'),(793,13,'Frata','frata'),(794,13,'Garbau','garbau'),(795,13,'Geaca','geaca'),(796,13,'Gilau','gilau'),(797,13,'Iara','iara'),(798,13,'Iclod','iclod'),(799,13,'Izvoru Crisului','izvoru-crisului'),(800,13,'Jichisu de Jos','jichisu-de-jos'),(801,13,'Jucu','jucu'),(802,13,'Luna','luna'),(803,13,'Maguri-Racatau','maguri-racatau'),(804,13,'Manastireni','manastireni'),(805,13,'Margau','margau'),(806,13,'Marisel','marisel'),(807,13,'Mica','mica'),(808,13,'Mihai Viteazu','mihai-viteazu'),(809,13,'Mintiu Gherlii','mintiu-gherlii'),(810,13,'Mociu','mociu'),(811,13,'Moldovenesti','moldovenesti'),(812,13,'Negreni','negreni'),(813,13,'Palatca','palatca'),(814,13,'Panticeu','panticeu'),(815,13,'Petrestii de Jos','petrestii-de-jos'),(816,13,'Ploscos','ploscos'),(817,13,'Poieni','poieni'),(818,13,'Rasca','rasca'),(819,13,'Recea-Cristur','recea-cristur'),(820,13,'Sacuieu','sacuieu'),(821,13,'Sancraiu','sancraiu'),(822,13,'Sandulesti','sandulesti'),(823,13,'Sanmartin','sanmartin'),(824,13,'Sanpaul','sanpaul'),(825,13,'Savadisla','savadisla'),(826,13,'Sic','sic'),(827,13,'Suatu','suatu'),(828,13,'Taga','taga'),(829,13,'Tritenii de Jos','tritenii-de-jos'),(830,13,'Tureni','tureni'),(831,13,'Unguras','unguras'),(832,13,'Vad','vad'),(833,13,'Valea Ierii','valea-ierii'),(834,13,'Viisoara','viisoara'),(835,13,'Vultureni','vultureni'),(836,10,'Buzau','buzau'),(837,10,'Nehoiu','nehoiu'),(838,10,'Patarlagele','patarlagele'),(839,10,'Pogoanele','pogoanele'),(840,10,'Ramnicu Sarat','ramnicu-sarat'),(841,10,'Amaru','amaru'),(842,10,'Balaceanu','balaceanu'),(843,10,'Balta Alba','balta-alba'),(844,10,'Beceni','beceni'),(845,10,'Berca','berca'),(846,10,'Bisoca','bisoca'),(847,10,'Blajani','blajani'),(848,10,'Boldu','boldu'),(849,10,'Bozioru','bozioru'),(850,10,'Bradeanu','bradeanu'),(851,10,'Braesti','braesti'),(852,10,'Breaza','breaza'),(853,10,'Buda','buda'),(854,10,'C.A Rosetti','c.a-rosetti'),(855,10,'Calvini','calvini'),(856,10,'Canesti','canesti'),(857,10,'Catina','catina'),(858,10,'Cernatesti','cernatesti'),(859,10,'Chiliile','chiliile'),(860,10,'Chiojdu','chiojdu'),(861,10,'Cilibia','cilibia'),(862,10,'Cislau','cislau'),(863,10,'Cochirleanca','cochirleanca'),(864,10,'Colti','colti'),(865,10,'Costesti','costesti'),(866,10,'Cozieni','cozieni'),(867,10,'Florica','florica'),(868,10,'Galbinasi','galbinasi'),(869,10,'Gheraseni','gheraseni'),(870,10,'Ghergheasa','ghergheasa'),(871,10,'Glodeanu Sarat','glodeanu-sarat'),(872,10,'Glodeanu-Silistea','glodeanu-silistea'),(873,10,'Grebanu','grebanu'),(874,10,'Gura Teghii','gura-teghii'),(875,10,'Largu','largu'),(876,10,'Lopatari','lopatari'),(877,10,'Luciu','luciu'),(878,10,'Magura','magura'),(879,10,'Manzalesti','manzalesti'),(880,10,'Maracineni','maracineni'),(881,10,'Margaritesti','margaritesti'),(882,10,'Merei','merei'),(883,10,'Mihailesti','mihailesti'),(884,10,'Movila Banului','movila-banului'),(885,10,'Murgesti','murgesti'),(886,10,'Naeni','naeni'),(887,10,'Odaile','odaile'),(888,10,'Padina','padina'),(889,10,'Panatau','panatau'),(890,10,'Pardosi','pardosi'),(891,10,'Parscov','parscov'),(892,10,'Pietroasele','pietroasele'),(893,10,'Podgoria','podgoria'),(894,10,'Posta Calnau','posta-calnau'),(895,10,'Puiesti','puiesti'),(896,10,'Racoviteni','racoviteni'),(897,10,'Ramnicelu','ramnicelu'),(898,10,'Robeasca','robeasca'),(899,10,'Rusetu','rusetu'),(900,10,'Sageata','sageata'),(901,10,'Sahateni','sahateni'),(902,10,'Sapoca','sapoca'),(903,10,'Sarulesti','sarulesti'),(904,10,'Scortoasa','scortoasa'),(905,10,'Scutelnici','scutelnici'),(906,10,'Siriu','siriu'),(907,10,'Smeeni','smeeni'),(908,10,'Stalpu','stalpu'),(909,10,'Tintesti','tintesti'),(910,10,'Tisau','tisau'),(911,10,'Topliceni','topliceni'),(912,10,'Ulmeni','ulmeni'),(913,10,'Unguriu','unguriu'),(914,10,'Vadu Pasii','vadu-pasii'),(915,10,'Valcelele','valcelele'),(916,10,'Valea Ramnicului','valea-ramnicului'),(917,10,'Valea Salciei','valea-salciei'),(918,10,'Vernesti','vernesti'),(919,10,'Vintila Voda','vintila-voda'),(920,10,'Viperesti','viperesti'),(921,10,'Zarnesti','zarnesti'),(922,10,'Ziduri','ziduri'),(923,14,'Baneasa','baneasa'),(924,14,'Cernavoda','cernavoda'),(925,14,'Constanta','constanta'),(926,14,'Eforie','eforie'),(927,14,'Harsova','harsova'),(928,14,'Mangalia','mangalia'),(929,14,'Megidia','megidia'),(930,14,'Murfatlar','murfatlar'),(931,14,'Navodari','navodari'),(932,14,'Negru Voda','negru-voda'),(933,14,'Ovidiu','ovidiu'),(934,14,'Techirghiol','techirghiol'),(935,14,'23 August','23-august'),(936,14,'Adamclisi','adamclisi'),(937,14,'Agigea','agigea'),(938,14,'Albesti','albesti'),(939,14,'Aliman','aliman'),(940,14,'Amzacea','amzacea'),(941,14,'Baraganu','baraganu'),(942,14,'Castelu','castelu'),(943,14,'Cerchezu','cerchezu'),(944,14,'Chirnogeni','chirnogeni'),(945,14,'Ciobanu','ciobanu'),(946,14,'Ciocarlia','ciocarlia'),(947,14,'Cobadin','cobadin'),(948,14,'Cogealac','cogealac'),(949,14,'Comana','comana'),(950,14,'Corbu','corbu'),(951,14,'Costinesti','costinesti'),(952,14,'Crucea','crucea'),(953,14,'Cumpana','cumpana'),(954,14,'Cuza Voda','cuza-voda'),(955,14,'Deleni','deleni'),(956,14,'Dobromir','dobromir'),(957,14,'Dumbraveni','dumbraveni'),(958,14,'Fantanele','fantanele'),(959,14,'Garliciu','garliciu'),(960,14,'Ghindaresti','ghindaresti'),(961,14,'Gradina','gradina'),(962,14,'Horia','horia'),(963,14,'Independenta','independenta'),(964,14,'Ion Corvin','ion-corvin'),(965,14,'Istria','istria'),(966,14,'Limanu','limanu'),(967,14,'Lipnita','lipnita'),(968,14,'Lumina','lumina'),(969,14,'Mereni','mereni'),(970,14,'Mihai Viteazu','mihai-viteazu'),(971,14,'Mihail Kogalniceanu','mihail-kogalniceanu'),(972,14,'Mircea Voda','mircea-voda'),(973,14,'Nicolae Balcescu','nicolae-balcescu'),(974,14,'Oltina','oltina'),(975,14,'Ostrov','ostrov'),(976,14,'Pantelimon','pantelimon'),(977,14,'Pecineaga','pecineaga'),(978,14,'Pestera','pestera'),(979,14,'Poarta Alba','poarta-alba'),(980,14,'Rasova','rasova'),(981,14,'Sacele','sacele'),(982,14,'Saligny','saligny'),(983,14,'Saraiu','saraiu'),(984,14,'Seimeni','seimeni'),(985,14,'Silistea','silistea'),(986,14,'Targusor','targusor'),(987,14,'Topalu','topalu'),(988,14,'Topraisar','topraisar'),(989,14,'Tortoman','tortoman'),(990,14,'Tuzla','tuzla'),(991,14,'Valu lui Traian','valu-lui-traian'),(992,14,'Vulturu','vulturu'),(993,12,'Anina','anina'),(994,12,'Baile Herculane','baile-herculane'),(995,12,'Bocsa','bocsa'),(996,12,'Caransebes','caransebes'),(997,12,'Moldova Noua','moldova-noua'),(998,12,'Oravita','oravita'),(999,12,'Otelu Rosu','otelu-rosu'),(1000,12,'Resita','resita'),(1001,12,'Armenis','armenis'),(1002,12,'Bania','bania'),(1003,12,'Bautar','bautar'),(1004,12,'Berliste','berliste'),(1005,12,'Berzasca','berzasca'),(1006,12,'Berzovia','berzovia'),(1007,12,'Bolvasnita','bolvasnita'),(1008,12,'Bozovici','bozovici'),(1009,12,'Brebu','brebu'),(1010,12,'Brebu Nou','brebu-nou'),(1011,12,'Buchin','buchin'),(1012,12,'Bucosnita','bucosnita'),(1013,12,'Carasova','carasova'),(1014,12,'Carbunari','carbunari'),(1015,12,'Ciclova Romana','ciclova-romana'),(1016,12,'Ciuchici','ciuchici'),(1017,12,'Ciudanovita','ciudanovita'),(1018,12,'Constantin Daicoviciu','constantin-daicoviciu'),(1019,12,'Copacele','copacele'),(1020,12,'Cornea','cornea'),(1021,12,'Cornereva','cornereva'),(1022,12,'Coronini','coronini'),(1023,12,'Dalboset','dalboset'),(1024,12,'Doclin','doclin'),(1025,12,'Dognecea','dognecea'),(1026,12,'Domasnea','domasnea'),(1027,12,'Eftimie Murgu','eftimie-murgu'),(1028,12,'Ezeris','ezeris'),(1029,12,'Farliug','farliug'),(1030,12,'Forotic','forotic'),(1031,12,'Garnic','garnic'),(1032,12,'Glimboca','glimboca'),(1033,12,'Goruia','goruia'),(1034,12,'Gradinari','gradinari'),(1035,12,'Iablanita','iablanita'),(1036,12,'Lapusnicel','lapusnicel'),(1037,12,'Lapusnicu Mare','lapusnicu-mare'),(1038,12,'Luncavita','luncavita'),(1039,12,'Lupac','lupac'),(1040,12,'Marga','marga'),(1041,12,'Maureni','maureni'),(1042,12,'Mehadia','mehadia'),(1043,12,'Mehadica','mehadica'),(1044,12,'Naidas','naidas'),(1045,12,'Obreja','obreja'),(1046,12,'Ocna de Fier','ocna-de-fier'),(1047,12,'Paltinis','paltinis'),(1048,12,'Pojejena','pojejena'),(1049,12,'Prigor','prigor'),(1050,12,'Racasdia','racasdia'),(1051,12,'Ramna','ramna'),(1052,12,'Rusca Montana','rusca-montana'),(1053,12,'Sacu','sacu'),(1054,12,'Sasca Montana','sasca-montana'),(1055,12,'Sichevita','sichevita'),(1056,12,'Slatina-Timis','slatina-timis'),(1057,12,'Socol','socol'),(1058,12,'Sopotu Nou','sopotu-nou'),(1059,12,'Tarnova','tarnova'),(1060,12,'Teregova','teregova'),(1061,12,'Ticvaniu Mare','ticvaniu-mare'),(1062,12,'Toplet','toplet'),(1063,12,'Turnu Ruieni','turnu-ruieni'),(1064,12,'Valiug','valiug'),(1065,12,'Varadia','varadia'),(1066,12,'Vermes','vermes'),(1067,12,'Vrani','vrani'),(1068,12,'Zavoi','zavoi'),(1069,12,'Zorlentu Mare','zorlentu-mare'),(1070,15,'Baraolt','baraolt'),(1071,15,'Covasna','covasna'),(1072,15,'Intorsatura Buzaului','intorsatura-buzaului'),(1073,15,'Sfantu Gheorghe','sfantu-gheorghe'),(1074,15,'Targu Secuiesc','targu-secuiesc'),(1075,15,'Aita Mare','aita-mare'),(1076,15,'Arcus','arcus'),(1077,15,'Barcani','barcani'),(1078,15,'Batani','batani'),(1079,15,'Belin','belin'),(1080,15,'Bixad','bixad'),(1081,15,'Bodoc','bodoc'),(1082,15,'Borosneu Mare','borosneu-mare'),(1083,15,'Bradut','bradut'),(1084,15,'Brates','brates'),(1085,15,'Bretcu','bretcu'),(1086,15,'Catalina','catalina'),(1087,15,'Cernat','cernat'),(1088,15,'Chichis','chichis'),(1089,15,'Comandau','comandau'),(1090,15,'Dalnic','dalnic'),(1091,15,'Dobarlau','dobarlau'),(1092,15,'Estelnic','estelnic'),(1093,15,'Ghelinta','ghelinta'),(1094,15,'Ghidfalau','ghidfalau'),(1095,15,'Haghig','haghig'),(1096,15,'Ilieni','ilieni'),(1097,15,'Lemnia','lemnia'),(1098,15,'Malnas','malnas'),(1099,15,'Mereni','mereni'),(1100,15,'Micfalau','micfalau'),(1101,15,'Moacsa','moacsa'),(1102,15,'Ojdula','ojdula'),(1103,15,'Ozun','ozun'),(1104,15,'Poian','poian'),(1105,15,'Reci','reci'),(1106,15,'Sanzieni','sanzieni'),(1107,15,'Sita Buzaului','sita-buzaului'),(1108,15,'Turia','turia'),(1109,15,'Valcele','valcele'),(1110,15,'Valea Crisului','valea-crisului'),(1111,15,'Valea Mare','valea-mare'),(1112,15,'Varghis','varghis'),(1113,15,'Zabala','zabala'),(1114,15,'Zagon','zagon'),(1115,16,'Fieni','fieni'),(1116,16,'Gaesti','gaesti'),(1117,16,'Moreni','moreni'),(1118,16,'Pucioasa','pucioasa'),(1119,16,'Racari','racari'),(1120,16,'Targoviste','targoviste'),(1121,16,'Titu','titu'),(1122,16,'Aninoasa','aninoasa'),(1123,16,'Baleni','baleni'),(1124,16,'Barbuletu','barbuletu'),(1125,16,'Bezdead','bezdead'),(1126,16,'Bilciuresti','bilciuresti'),(1127,16,'Branesti','branesti'),(1128,16,'Branistea','branistea'),(1129,16,'Brezoaele','brezoaele'),(1130,16,'Buciumeni','buciumeni'),(1131,16,'Bucsani','bucsani'),(1132,16,'Butimanu','butimanu'),(1133,16,'Candesti','candesti'),(1134,16,'Ciocanesti','ciocanesti'),(1135,16,'Cobia','cobia'),(1136,16,'Cojasca','cojasca'),(1137,16,'Comisani','comisani'),(1138,16,'Contesti','contesti'),(1139,16,'Corbii Mari','corbii-mari'),(1140,16,'Cornatelu','cornatelu'),(1141,16,'Cornesti','cornesti'),(1142,16,'Costestii din Vale','costestii-din-vale'),(1143,16,'Crangurile','crangurile'),(1144,16,'Crevedia','crevedia'),(1145,16,'Darmanesti','darmanesti'),(1146,16,'Dobra','dobra'),(1147,16,'Doicesti','doicesti'),(1148,16,'Dragodana','dragodana'),(1149,16,'Dragomiresti','dragomiresti'),(1150,16,'Finta','finta'),(1151,16,'Glodeni','glodeni'),(1152,16,'Gura Foii','gura-foii'),(1153,16,'Gura Ocnitei','gura-ocnitei'),(1154,16,'Gura Sutii','gura-sutii'),(1155,16,'Hulubesti','hulubesti'),(1156,16,'I. L. Caragiale','i.-l.-caragiale'),(1157,16,'Iedera','iedera'),(1158,16,'Lucieni','lucieni'),(1159,16,'Ludesti','ludesti'),(1160,16,'Lunguletu','lunguletu'),(1161,16,'Malu cu Flori','malu-cu-flori'),(1162,16,'Manesti','manesti'),(1163,16,'Matasaru','matasaru'),(1164,16,'Mogosani','mogosani'),(1165,16,'Moroeni','moroeni'),(1166,16,'Morteni','morteni'),(1167,16,'Motaieni','motaieni'),(1168,16,'Niculesti','niculesti'),(1169,16,'Nucet','nucet'),(1170,16,'Ocnita','ocnita'),(1171,16,'Odobesti','odobesti'),(1172,16,'Persinari','persinari'),(1173,16,'Petresti','petresti'),(1174,16,'Pietrari','pietrari'),(1175,16,'Pietrosita','pietrosita'),(1176,16,'Poiana','poiana'),(1177,16,'Potlogi','potlogi'),(1178,16,'Produlesti','produlesti'),(1179,16,'Pucheni','pucheni'),(1180,16,'Raciu','raciu'),(1181,16,'Rascaeti','rascaeti'),(1182,16,'Rau Alb','rau-alb'),(1183,16,'Razvad','razvad'),(1184,16,'Runcu','runcu'),(1185,16,'Salcioara','salcioara'),(1186,16,'Selaru','selaru'),(1187,16,'Slobozia Moara','slobozia-moara'),(1188,16,'Sotanga','sotanga'),(1189,16,'Tartasesti','tartasesti'),(1190,16,'Tatarani','tatarani'),(1191,16,'Uliesti','uliesti'),(1192,16,'Ulmi','ulmi'),(1193,16,'Vacaresti','vacaresti'),(1194,16,'Valea Lunga','valea-lunga'),(1195,16,'Valea Mare','valea-mare'),(1196,16,'Valeni-Dambovita','valeni-dambovita'),(1197,16,'Varfuri','varfuri'),(1198,16,'Visina','visina'),(1199,16,'Visinesti','visinesti'),(1200,16,'Vladeni','vladeni'),(1201,16,'Voinesti','voinesti'),(1202,16,'Vulcana-Bai','vulcana-bai'),(1203,16,'Vulcana-Pandele','vulcana-pandele'),(1204,18,'Beresti','beresti'),(1205,18,'Galati','galati'),(1206,18,'Targu Bujor','targu-bujor'),(1207,18,'Tecuc','tecuc'),(1208,18,'Balabanesti','balabanesti'),(1209,18,'Balasesti','balasesti'),(1210,18,'Baleni','baleni'),(1211,18,'Baneasa','baneasa'),(1212,18,'Barcea','barcea'),(1213,18,'Beresti-Meria','beresti-meria'),(1214,18,'Brahasesti','brahasesti'),(1215,18,'Branistea','branistea'),(1216,18,'Buciumeni','buciumeni'),(1217,18,'Cavadinesti','cavadinesti'),(1218,18,'Certesti','certesti'),(1219,18,'Corni','corni'),(1220,18,'Corod','corod'),(1221,18,'Cosmesti','cosmesti'),(1222,18,'Costache Negri','costache-negri'),(1223,18,'Cuca','cuca'),(1224,18,'Cudalbi','cudalbi'),(1225,18,'Cuza Voda','cuza-voda'),(1226,18,'Draganesti','draganesti'),(1227,18,'Draguseni','draguseni'),(1228,18,'Fartanesti','fartanesti'),(1229,18,'Foltesti','foltesti'),(1230,18,'Frumusita','frumusita'),(1231,18,'Fundeni','fundeni'),(1232,18,'Ghidigeni','ghidigeni'),(1233,18,'Gohor','gohor'),(1234,18,'Grivita','grivita'),(1235,18,'Independenta','independenta'),(1236,18,'Ivesti','ivesti'),(1237,18,'Jorasti','jorasti'),(1238,18,'Liesti','liesti'),(1239,18,'Mastacani','mastacani'),(1240,18,'Matca','matca'),(1241,18,'Movileni','movileni'),(1242,18,'Munteni','munteni'),(1243,18,'Namoloasa','namoloasa'),(1244,18,'Negrilesti','negrilesti'),(1245,18,'Nicoresti','nicoresti'),(1246,18,'Oancea','oancea'),(1247,18,'Pechea','pechea'),(1248,18,'Piscu','piscu'),(1249,18,'Poiana','poiana'),(1250,18,'Proponesti','proponesti'),(1251,18,'Radesti','radesti'),(1252,18,'Rediu','rediu'),(1253,18,'Scanteiesti','scanteiesti'),(1254,18,'Schela','schela'),(1255,18,'Sendreni','sendreni'),(1256,18,'Slobozia Conachi','slobozia-conachi'),(1257,18,'Smardan','smardan'),(1258,18,'Smulti','smulti'),(1259,18,'Suceveni','suceveni'),(1260,18,'Suhurlui','suhurlui'),(1261,18,'Tepu','tepu'),(1262,18,'Tudor Vladimirescu','tudor-vladimirescu'),(1263,18,'Tulucesti','tulucesti'),(1264,18,'Umbraresti','umbraresti'),(1265,18,'Valea Marului','valea-marului'),(1266,18,'Vanatori','vanatori'),(1267,18,'Varlezi','varlezi'),(1268,18,'Vladesti','vladesti'),(1269,19,'Bolintin-Vale','bolintin-vale'),(1270,19,'Giurgiu','giurgiu'),(1271,19,'Mihailesti','mihailesti'),(1272,19,'Adunatii-Copaceni','adunatii-copaceni'),(1273,19,'Baneasa','baneasa'),(1274,19,'Bolintin-Deal','bolintin-deal'),(1275,19,'Buscani','buscani'),(1276,19,'Bulbucata','bulbucata'),(1277,19,'Buturugeni','buturugeni'),(1278,19,'Calugareni','calugareni'),(1279,19,'Clejani','clejani'),(1280,19,'Colibasi','colibasi'),(1281,19,'Comana','comana'),(1282,19,'Cososba','cososba'),(1283,19,'Crevedia Mare','crevedia-mare'),(1284,19,'Daia','daia'),(1285,19,'Floresti-Stoenesti','floresti-stoenesti'),(1286,19,'Fratesti','fratesti'),(1287,19,'Gaiseni','gaiseni'),(1288,19,'Gaujani','gaujani'),(1289,19,'Ghimpati','ghimpati'),(1290,19,'Gogosari','gogosari'),(1291,19,'Gostinari','gostinari'),(1292,19,'Gostinu','gostinu'),(1293,19,'Gradinari','gradinari'),(1294,19,'Greaca','greaca'),(1295,19,'Herasti','herasti'),(1296,19,'Hotarele','hotarele'),(1297,19,'Iepuresti','iepuresti'),(1298,19,'Isvoarele','isvoarele'),(1299,19,'Izvoarele','izvoarele'),(1300,19,'Joita','joita'),(1301,19,'Letca Noua','letca-noua'),(1302,19,'Malu','malu'),(1303,19,'Marsa','marsa'),(1304,19,'Mihai Bravu','mihai-bravu'),(1305,19,'Ogrezeni','ogrezeni'),(1306,19,'Oinacu','oinacu'),(1307,19,'Prundu','prundu'),(1308,19,'Putineiu','putineiu'),(1309,19,'Rasuceni','rasuceni'),(1310,19,'Roata de Jos','roata-de-jos'),(1311,19,'Sabareni','sabareni'),(1312,19,'Schitu','schitu'),(1313,19,'Singureni','singureni'),(1314,19,'Slobozia','slobozia'),(1315,19,'Stanesti','stanesti'),(1316,19,'Stoenesti','stoenesti'),(1317,19,'Toporu','toporu'),(1318,19,'Ulmi','ulmi'),(1319,19,'Valea Dragului','valea-dragului'),(1320,19,'Vanatorii Mici','vanatorii-mici'),(1321,19,'Varasti','varasti'),(1322,19,'Vedea','vedea'),(1323,20,'Bumbesti-Jiu','bumbesti-jiu'),(1324,20,'Motru','motru'),(1325,20,'Novaci','novaci'),(1326,20,'Rovinari','rovinari'),(1327,20,'Targu Carbunesti','targu-carbunesti'),(1328,20,'Targu Jiu','targu-jiu'),(1329,20,'Ticleni','ticleni'),(1330,20,'Tismana','tismana'),(1331,20,'Turceni','turceni'),(1332,20,'Albeni','albeni'),(1333,20,'Alimpesti','alimpesti'),(1334,20,'Aninoasa','aninoasa'),(1335,20,'Arcani','arcani'),(1336,20,'Baia de Fier','baia-de-fier'),(1337,20,'Balanesti','balanesti'),(1338,20,'Balesti','balesti'),(1339,20,'Balteni','balteni'),(1340,20,'Barbatesti','barbatesti'),(1341,20,'Bengesti-Ciocadia','bengesti-ciocadia'),(1342,20,'Berlesti','berlesti'),(1343,20,'Bolbosi','bolbosi'),(1344,20,'Borascu','borascu'),(1345,20,'Branesti','branesti'),(1346,20,'Bumbesti-Pitic','bumbesti-pitic'),(1347,20,'Bustuchin','bustuchin'),(1348,20,'Calnic','calnic'),(1349,20,'Capreni','capreni'),(1350,20,'Catunele','catunele'),(1351,20,'Ciuperceni','ciuperceni'),(1352,20,'Crasna','crasna'),(1353,20,'Cruset','cruset'),(1354,20,'Danciulesti','danciulesti'),(1355,20,'Danesti','danesti'),(1356,20,'Dragotesti','dragotesti'),(1357,20,'Dragutesti','dragutesti'),(1358,20,'Farcasesti','farcasesti'),(1359,20,'Glogova','glogova'),(1360,20,'Godinesti','godinesti'),(1361,20,'Hurezani','hurezani'),(1362,20,'Ionesti','ionesti'),(1363,20,'Jupanesti','jupanesti'),(1364,20,'Lelesti','lelesti'),(1365,20,'Licurici','licurici'),(1366,20,'Logresti','logresti'),(1367,20,'Matasari','matasari'),(1368,20,'Musetesti','musetesti'),(1369,20,'Negomir','negomir'),(1370,20,'Pades','pades'),(1371,20,'Pestisani','pestisani'),(1372,20,'Plopsoru','plopsoru'),(1373,20,'Polovragi','polovragi'),(1374,20,'Prigoria','prigoria'),(1375,20,'Rosia de Amaradia','rosia-de-amaradia'),(1376,20,'Runcu','runcu'),(1377,20,'Sacelu','sacelu'),(1378,20,'Samarinesti','samarinesti'),(1379,20,'Saulesti','saulesti'),(1380,20,'Schela','schela'),(1381,20,'Scoarta','scoarta'),(1382,20,'Slivilesti','slivilesti'),(1383,20,'Stanesti','stanesti'),(1384,20,'Stejari','stejari'),(1385,20,'Stoina','stoina'),(1386,20,'Tantareni','tantareni'),(1387,20,'Telesti','telesti'),(1388,20,'Turburea','turburea'),(1389,20,'Turcinesti','turcinesti'),(1390,20,'Urdari','urdari'),(1391,20,'Vagiulesti','vagiulesti'),(1392,20,'Vladimir','vladimir'),(1393,21,'Baile Tusnad','baile-tusnad'),(1394,21,'Balan','balan'),(1395,21,'Borsec','borsec'),(1396,21,'Cisturu Secuiesc','cisturu-secuiesc'),(1397,21,'Gheorgheni','gheorgheni'),(1398,21,'Miercurea-Ciuc','miercurea-ciuc'),(1399,21,'Odorheiu Secuiesc','odorheiu-secuiesc'),(1400,21,'Toplita','toplita'),(1401,21,'Vlahita','vlahita'),(1402,21,'Atid','atid'),(1403,21,'Avramesti','avramesti'),(1404,21,'Bilbor','bilbor'),(1405,21,'Bradesti','bradesti'),(1406,21,'Capalnita','capalnita'),(1407,21,'Carta','carta'),(1408,21,'Ciceu','ciceu'),(1409,21,'Ciucsangeorgiu','ciucsangeorgiu'),(1410,21,'Ciumani','ciumani'),(1411,21,'Corbu','corbu'),(1412,21,'Corund','corund'),(1413,21,'Cozmeni','cozmeni'),(1414,21,'Danesti','danesti'),(1415,21,'Darjiu','darjiu'),(1416,21,'Dealu','dealu'),(1417,21,'Ditrau','ditrau'),(1418,21,'Feliceni','feliceni'),(1419,21,'Frumoasa','frumoasa'),(1420,21,'Galautas','galautas'),(1421,21,'Joseni','joseni'),(1422,21,'Lazarea','lazarea'),(1423,21,'Leliceni','leliceni'),(1424,21,'Lueta','lueta'),(1425,21,'Lunca de Jos','lunca-de-jos'),(1426,21,'Luna de Sus','luna-de-sus'),(1427,21,'Lupeni','lupeni'),(1428,21,'Madaras','madaras'),(1429,21,'Martinis','martinis'),(1430,21,'Meresti','meresti'),(1431,21,'Mihaileni','mihaileni'),(1432,21,'Mugeni','mugeni'),(1433,21,'Ocland','ocland'),(1434,21,'Pauleni-Ciuc','pauleni-ciuc'),(1435,21,'Plaiesii de Jos','plaiesii-de-jos'),(1436,21,'Porumbenii Mari','porumbenii-mari'),(1437,21,'Praid','praid'),(1438,21,'Racu','racu'),(1439,21,'Remetea','remetea'),(1440,21,'Sacel','sacel'),(1441,21,'Sancraieni','sancraieni'),(1442,21,'Sandominic','sandominic'),(1443,21,'Sanmartin','sanmartin'),(1444,21,'Sansimion','sansimion'),(1445,21,'Santimbru','santimbru'),(1446,21,'Sarmas','sarmas'),(1447,21,'Satu Mare','satu-mare'),(1448,21,'Secuieni','secuieni'),(1449,21,'Siculeni','siculeni'),(1450,21,'Simonesti','simonesti'),(1451,21,'Subcetate','subcetate'),(1452,21,'Suseni','suseni'),(1453,21,'Tomesti','tomesti'),(1454,21,'Tulghes','tulghes'),(1455,21,'Tusnad','tusnad'),(1456,21,'Ulies','ulies'),(1457,21,'Varsag','varsag'),(1458,21,'Voslabeni','voslabeni'),(1459,21,'Zetea','zetea'),(1460,22,'Aninoasa','aninoasa'),(1461,22,'Brad','brad'),(1462,22,'Calan','calan'),(1463,22,'Deva','deva'),(1464,22,'Geoagiu','geoagiu'),(1465,22,'Hateg','hateg'),(1466,22,'Hunedoara','hunedoara'),(1467,22,'Lupeni','lupeni'),(1468,22,'Orastie','orastie'),(1469,22,'Petrila','petrila'),(1470,22,'Petrosani','petrosani'),(1471,22,'Simeria','simeria'),(1472,22,'Uricani','uricani'),(1473,22,'Vulcan','vulcan'),(1474,22,'Bacia','bacia'),(1475,22,'Baia de Cris','baia-de-cris'),(1476,22,'Baita','baita'),(1477,22,'Balsa','balsa'),(1478,22,'Banita','banita'),(1479,22,'Baru','baru'),(1480,22,'Batrana','batrana'),(1481,22,'Beriu','beriu'),(1482,22,'Blajeni','blajeni'),(1483,22,'Bosorod','bosorod'),(1484,22,'Branisca','branisca'),(1485,22,'Bretea Romana','bretea-romana'),(1486,22,'Buces','buces'),(1487,22,'Bucuresci','bucuresci'),(1488,22,'Bulzestii de Sus','bulzestii-de-sus'),(1489,22,'Bunila','bunila'),(1490,22,'Burjuc','burjuc'),(1491,22,'Carjiti','carjiti'),(1492,22,'Cerbal','cerbal'),(1493,22,'Certeju de Sus','certeju-de-sus'),(1494,22,'Criscior','criscior'),(1495,22,'Densus','densus'),(1496,22,'Dobra','dobra'),(1497,22,'General Berthelot','general-berthelot'),(1498,22,'Ghelari','ghelari'),(1499,22,'Gurasada','gurasada'),(1500,22,'Harau','harau'),(1501,22,'Ilia','ilia'),(1502,22,'Lapugiu de Jos','lapugiu-de-jos'),(1503,22,'Lelese','lelese'),(1504,22,'Lunca Cernii de Jos','lunca-cernii-de-jos'),(1505,22,'Luncoiu de Jos','luncoiu-de-jos'),(1506,22,'Martinesti','martinesti'),(1507,22,'Orastioara de Sus','orastioara-de-sus'),(1508,22,'Pestisu Mic','pestisu-mic'),(1509,22,'Pui','pui'),(1510,22,'Rachitova','rachitova'),(1511,22,'Rapoltu Mare','rapoltu-mare'),(1512,22,'Rau de Mori','rau-de-mori'),(1513,22,'Ribita','ribita'),(1514,22,'Romos','romos'),(1515,22,'Salasu de Sus','salasu-de-sus'),(1516,22,'Santamaria-Orlea','santamaria-orlea'),(1517,22,'Sarmizegetusa','sarmizegetusa'),(1518,22,'Soimus','soimus'),(1519,22,'Teliucu Inferior','teliucu-inferior'),(1520,22,'Tomesti','tomesti'),(1521,22,'Toplita','toplita'),(1522,22,'Totesti','totesti'),(1523,22,'Turdas','turdas'),(1524,22,'Valisoara','valisoara'),(1525,22,'Vata de Jos','vata-de-jos'),(1526,22,'Vetel','vetel'),(1527,22,'Vorta','vorta'),(1528,22,'Zam','zam'),(1529,17,'Bailesti','bailesti'),(1530,17,'Bechet','bechet'),(1531,17,'Calafat','calafat'),(1532,17,'Craiova','craiova'),(1533,17,'Dabuleni','dabuleni'),(1534,17,'Filiasi','filiasi'),(1535,17,'Segarcea','segarcea'),(1536,17,'Afumati','afumati'),(1537,17,'Almaj','almaj'),(1538,17,'Amarastii de Jos','amarastii-de-jos'),(1539,17,'Amarastii de Sus','amarastii-de-sus'),(1540,17,'Apele Vii','apele-vii'),(1541,17,'Argetoaia','argetoaia'),(1542,17,'Barca','barca'),(1543,17,'Bistret','bistret'),(1544,17,'Botosesti-Paia','botosesti-paia'),(1545,17,'Brabova','brabova'),(1546,17,'Bradesti','bradesti'),(1547,17,'Bralostita','bralostita'),(1548,17,'Bratovoesti','bratovoesti'),(1549,17,'Breasta','breasta'),(1550,17,'Bucovat','bucovat'),(1551,17,'Bulzesti','bulzesti'),(1552,17,'Calarasi','calarasi'),(1553,17,'Calopar','calopar'),(1554,17,'Caraula','caraula'),(1555,17,'Carcea','carcea'),(1556,17,'Carna','carna'),(1557,17,'Carpen','carpen'),(1558,17,'Catranova','catranova'),(1559,17,'Catane','catane'),(1560,17,'Celaru','celaru'),(1561,17,'Cerat','cerat'),(1562,17,'Cernatesti','cernatesti'),(1563,17,'Cetate','cetate'),(1564,17,'Cioroiasi','cioroiasi'),(1565,17,'Ciupercenii Noi','ciupercenii-noi'),(1566,17,'Cosoveni','cosoveni'),(1567,17,'Cotofenii din Dos','cotofenii-din-dos'),(1568,17,'Cotofenii din Fata','cotofenii-din-fata'),(1569,17,'Daneti','daneti'),(1570,17,'Desa','desa'),(1571,17,'Diosti','diosti'),(1572,17,'Dobresti','dobresti'),(1573,17,'Dobrotesti','dobrotesti'),(1574,17,'Dragotesti','dragotesti'),(1575,17,'Dranic','dranic'),(1576,17,'Farcas','farcas'),(1577,17,'Galicea Mare','galicea-mare'),(1578,17,'Galiciuica','galiciuica'),(1579,17,'Gangiova','gangiova'),(1580,17,'Ghercesti','ghercesti'),(1581,17,'Ghidici','ghidici'),(1582,17,'Ghindeni','ghindeni'),(1583,17,'Gighera','gighera'),(1584,17,'Giubega','giubega'),(1585,17,'Giurgita','giurgita'),(1586,17,'Gogosu','gogosu'),(1587,17,'Goicea','goicea'),(1588,17,'Goiesti','goiesti'),(1589,17,'Grecesti','grecesti'),(1590,17,'Intorsura','intorsura'),(1591,17,'Isalnita','isalnita'),(1592,17,'Izvoare','izvoare'),(1593,17,'Leu','leu'),(1594,17,'Lipovu','lipovu'),(1595,17,'Macesu de Jos','macesu-de-jos'),(1596,17,'Macesu de Sus','macesu-de-sus'),(1597,17,'Maglavit','maglavit'),(1598,17,'Malu Mare','malu-mare'),(1599,17,'Marsani','marsani'),(1600,17,'Melinesti','melinesti'),(1601,17,'Mischii','mischii'),(1602,17,'Motatei','motatei'),(1603,17,'Murgasi','murgasi'),(1604,17,'Negoi','negoi'),(1605,17,'Orodel','orodel'),(1606,17,'Ostroveni','ostroveni'),(1607,17,'Perisor','perisor'),(1608,17,'Pielesti','pielesti'),(1609,17,'Piscu Vechi','piscu-vechi'),(1610,17,'Plenita','plenita'),(1611,17,'Plesoi','plesoi'),(1612,17,'Podari','podari'),(1613,17,'Poiana Mare','poiana-mare'),(1614,17,'Predesti','predesti'),(1615,17,'Radovan','radovan'),(1616,17,'Rast','rast'),(1617,17,'Robanesti','robanesti'),(1618,17,'Rojiste','rojiste'),(1619,17,'Sadova','sadova'),(1620,17,'Salcuta','salcuta'),(1621,17,'Scaesti','scaesti'),(1622,17,'Seaca de Camp','seaca-de-camp'),(1623,17,'Seaca de Padure','seaca-de-padure'),(1624,17,'Secu','secu'),(1625,17,'Silistea Crucii','silistea-crucii'),(1626,17,'Simnicu de Sus','simnicu-de-sus'),(1627,17,'Sopot','sopot'),(1628,17,'Talpas','talpas'),(1629,17,'Teasc','teasc'),(1630,17,'Terpezita','terpezita'),(1631,17,'Teslui','teslui'),(1632,17,'Tuglui','tuglui'),(1633,17,'Unirea','unirea'),(1634,17,'Urzicuta','urzicuta'),(1635,17,'Vartop','vartop'),(1636,17,'Varvoru de Jos','varvoru-de-jos'),(1637,17,'Vela','vela'),(1638,17,'Verbita','verbita'),(1639,23,'Amara','amara'),(1640,23,'Cazanesti','cazanesti'),(1641,23,'Fetesti','fetesti'),(1642,23,'Fierbinti-Targ','fierbinti-targ'),(1643,23,'Slobozia','slobozia'),(1644,23,'Tandarei','tandarei'),(1645,23,'Urziceni','urziceni'),(1646,23,'Adancata','adancata'),(1647,23,'Albesti','albesti'),(1648,23,'Alexeni','alexeni'),(1649,23,'Andrasesti','andrasesti'),(1650,23,'Armasesti','armasesti'),(1651,23,'Axintele','axintele'),(1652,23,'Balaciu','balaciu'),(1653,23,'Barbulesti','barbulesti'),(1654,23,'Barcanesti','barcanesti'),(1655,23,'Boranesti','boranesti'),(1656,23,'Bordusani','bordusani'),(1657,23,'Bucu','bucu'),(1658,23,'Buesti','buesti'),(1659,23,'Ciocarlia','ciocarlia'),(1660,23,'Ciochina','ciochina'),(1661,23,'Ciulnita','ciulnita'),(1662,23,'Cocora','cocora'),(1663,23,'Colilia','colilia'),(1664,23,'Cosambesti','cosambesti'),(1665,23,'Cosereni','cosereni'),(1666,23,'Dragoesti','dragoesti'),(1667,23,'Dridu','dridu'),(1668,23,'Facaeni','facaeni'),(1669,23,'Garbovi','garbovi'),(1670,23,'Gheorghe Doja','gheorghe-doja'),(1671,23,'Gheorghe Lazar','gheorghe-lazar'),(1672,23,'Giurgeni','giurgeni'),(1673,23,'Grindu','grindu'),(1674,23,'Grivita','grivita'),(1675,23,'Gura Ialomitei','gura-ialomitei'),(1676,23,'Ion Roata','ion-roata'),(1677,23,'Jilavele','jilavele'),(1678,23,'Maia','maia'),(1679,23,'Manasia','manasia'),(1680,23,'Marculesti','marculesti'),(1681,23,'Mihail Kogalniceanu','mihail-kogalniceanu'),(1682,23,'Milosesti','milosesti'),(1683,23,'Moldoveni','moldoveni'),(1684,23,'Movila','movila'),(1685,23,'Movilita','movilita'),(1686,23,'Munteni-Buzau','munteni-buzau'),(1687,23,'Ograda','ograda'),(1688,23,'Perieti','perieti'),(1689,23,'Platonesti','platonesti'),(1690,23,'Radulesti','radulesti'),(1691,23,'Reviga','reviga'),(1692,23,'Rosiori','rosiori'),(1693,23,'Salcioara','salcioara'),(1694,23,'Sarateni','sarateni'),(1695,23,'Saveni','saveni'),(1696,23,'Scanteia','scanteia'),(1697,23,'Sfantu Gheorghe','sfantu-gheorghe'),(1698,23,'Sinesti','sinesti'),(1699,23,'Stelnica','stelnica'),(1700,23,'Suditi','suditi'),(1701,23,'Traian','traian'),(1702,23,'Valea Ciorii','valea-ciorii'),(1703,23,'Valea Macrisului','valea-macrisului'),(1704,23,'Vladeni','vladeni'),(1705,24,'Harlau','harlau'),(1706,24,'Iasi','iasi'),(1707,24,'Pascani','pascani'),(1708,24,'Podu Iloaiei','podu-iloaiei'),(1709,24,'Targu Frumos','targu-frumos'),(1710,24,'Alexandru Ioan Cuza','alexandru-ioan-cuza'),(1711,24,'Andriseni','andriseni'),(1712,24,'Aroneanu Interactica','aroneanu-interactica'),(1713,24,'Bals','bals'),(1714,24,'Baltati','baltati'),(1715,24,'Barnova','barnova'),(1716,24,'Belcesti','belcesti'),(1717,24,'Bivolari','bivolari'),(1718,24,'Braesti','braesti'),(1719,24,'Butea','butea'),(1720,24,'Ceplenita','ceplenita'),(1721,24,'Ciohorani','ciohorani'),(1722,24,'Ciortesti','ciortesti'),(1723,24,'Ciurea','ciurea'),(1724,24,'Coarnele Caprei','coarnele-caprei'),(1725,24,'Comarna','comarna'),(1726,24,'Costesti','costesti'),(1727,24,'Costuleni','costuleni'),(1728,24,'Cotnari','cotnari'),(1729,24,'Cozmesti','cozmesti'),(1730,24,'Cristesti','cristesti'),(1731,24,'Cucuteni','cucuteni'),(1732,24,'Dagata','dagata'),(1733,24,'Deleni','deleni'),(1734,24,'Dobrovat','dobrovat'),(1735,24,'Dolhesti','dolhesti'),(1736,24,'Draguseni','draguseni'),(1737,24,'Dumesti','dumesti'),(1738,24,'Erbiceni','erbiceni'),(1739,24,'Fantanele','fantanele'),(1740,24,'Focuri','focuri'),(1741,24,'Golaiesti','golaiesti'),(1742,24,'Gorban','gorban'),(1743,24,'Grajduri','grajduri'),(1744,24,'Gropnita','gropnita'),(1745,24,'Grozesti','grozesti'),(1746,24,'Halaucesti','halaucesti'),(1747,24,'Harmanesti','harmanesti'),(1748,24,'Helesteni','helesteni'),(1749,24,'Holboca','holboca'),(1750,24,'Horlesti','horlesti'),(1751,24,'Ion Neculce','ion-neculce'),(1752,24,'Ipatele','ipatele'),(1753,24,'Lespezi','lespezi'),(1754,24,'Letcani','letcani'),(1755,24,'Lungani','lungani'),(1756,24,'Madarjac','madarjac'),(1757,24,'Mircesti','mircesti'),(1758,24,'Mironeasa','mironeasa'),(1759,24,'Miroslava','miroslava'),(1760,24,'Moroslovesti','moroslovesti'),(1761,24,'Mogosesti','mogosesti'),(1762,24,'Mogosesti-Siret','mogosesti-siret'),(1763,24,'Mosna','mosna'),(1764,24,'Motca','motca'),(1765,24,'Movileni','movileni'),(1766,24,'Oteleni','oteleni'),(1767,24,'Plugari','plugari'),(1768,24,'Popesti','popesti'),(1769,24,'Popricani','popricani'),(1770,24,'Prisacani','prisacani'),(1771,24,'Probota','probota'),(1772,24,'Rachiteni','rachiteni'),(1773,24,'Raducaneni','raducaneni'),(1774,24,'Rediu','rediu'),(1775,24,'Romanesti','romanesti'),(1776,24,'Roscani','roscani'),(1777,24,'Ruginoasa','ruginoasa'),(1778,24,'Scanteia','scanteia'),(1779,24,'Scheia','scheia'),(1780,24,'Schitu Duca','schitu-duca'),(1781,24,'Scobinti','scobinti'),(1782,24,'Sinesti','sinesti'),(1783,24,'Sipote','sipote'),(1784,24,'Siretel','siretel'),(1785,24,'Stolniceni-Prajescu','stolniceni-prajescu'),(1786,24,'Strunga','strunga'),(1787,24,'Tansa','tansa'),(1788,24,'Tatarusi','tatarusi'),(1789,24,'Tibana','tibana'),(1790,24,'Tibanesti','tibanesti'),(1791,24,'Tiganesti','tiganesti'),(1792,24,'Todiresti','todiresti'),(1793,24,'Tomesti','tomesti'),(1794,24,'Trifesti','trifesti'),(1795,24,'Tutora','tutora'),(1796,24,'Ungheni','ungheni'),(1797,24,'Valea Lupului','valea-lupului'),(1798,24,'Valea Seaca','valea-seaca'),(1799,24,'Vanatori','vanatori'),(1800,24,'Victoria','victoria'),(1801,24,'Vladeni','vladeni'),(1802,24,'Voinesti','voinesti'),(1803,25,'Bragadiru','bragadiru'),(1804,25,'Buftea','buftea'),(1805,25,'Chitila','chitila'),(1806,25,'Magurele','magurele'),(1807,25,'Otopeni','otopeni'),(1808,25,'Pantelimon','pantelimon'),(1809,25,'Popesti-Leordeni','popesti-leordeni'),(1810,25,'Voluntari','voluntari'),(1811,25,'1 Decembrie','1-decembrie'),(1812,25,'Afumati','afumati'),(1813,25,'Balotesti','balotesti'),(1814,25,'Berceni','berceni'),(1815,25,'Branesti','branesti'),(1816,25,'Cernica','cernica'),(1817,25,'Chiajna','chiajna'),(1818,25,'Ciolpani','ciolpani'),(1819,25,'Ciorogarla','ciorogarla'),(1820,25,'Clinceni','clinceni'),(1821,25,'Copaceni','copaceni'),(1822,25,'Corbeanca','corbeanca'),(1823,25,'Cornetu','cornetu'),(1824,25,'Darasti-Ilfov','darasti-ilfov'),(1825,25,'Dascalu','dascalu'),(1826,25,'Dobroesti','dobroesti'),(1827,25,'Domnesti','domnesti'),(1828,25,'Dragomiresti-Vale','dragomiresti-vale'),(1829,25,'Ganeasa','ganeasa'),(1830,25,'Glina','glina'),(1831,25,'Gradistea','gradistea'),(1832,25,'Gruiu','gruiu'),(1833,25,'Jilava','jilava'),(1834,25,'Moara Vlasiei','moara-vlasiei'),(1835,25,'Mogosoaia','mogosoaia'),(1836,25,'Nuci','nuci'),(1837,25,'Peris','peris'),(1838,25,'Petrachioaia','petrachioaia'),(1839,25,'Snagov','snagov'),(1840,25,'Stefanestii de Jos','stefanestii-de-jos'),(1841,25,'Tunari','tunari'),(1842,25,'Vidra','vidra'),(1843,27,'Baia de Arama','baia-de-arama'),(1844,27,'Drobeta-Turnu Severin','drobeta-turnu-severin'),(1845,27,'Orsova','orsova'),(1846,27,'Strehaia','strehaia'),(1847,27,'Vanju Mare','vanju-mare'),(1848,27,'Bacles','bacles'),(1849,27,'Bala','bala'),(1850,27,'Balacita','balacita'),(1851,27,'Balta','balta'),(1852,27,'Balvanesti','balvanesti'),(1853,27,'Branistea','branistea'),(1854,27,'Breznita-Motru','breznita-motru'),(1855,27,'Breznita-Ocol','breznita-ocol'),(1856,27,'Brosteni','brosteni'),(1857,27,'Burila Mare','burila-mare'),(1858,27,'Butoiesti','butoiesti'),(1859,27,'Cazanesti','cazanesti'),(1860,27,'Ciresu','ciresu'),(1861,27,'Corcova','corcova'),(1862,27,'Corlatel','corlatel'),(1863,27,'Cujmir','cujmir'),(1864,27,'Darvari','darvari'),(1865,27,'Devesel','devesel'),(1866,27,'Dubova','dubova'),(1867,27,'Dumbrava','dumbrava'),(1868,27,'Eselnita','eselnita'),(1869,27,'Floresti','floresti'),(1870,27,'Garla Mare','garla-mare'),(1871,27,'Godeanu','godeanu'),(1872,27,'Gogosu','gogosu'),(1873,27,'Greci','greci'),(1874,27,'Grozesti','grozesti'),(1875,27,'Gruia','gruia'),(1876,27,'Hinova','hinova'),(1877,27,'Husnicioara','husnicioara'),(1878,27,'Ilovat','ilovat'),(1879,27,'Ilovita','ilovita'),(1880,27,'Isverna','isverna'),(1881,27,'Izvoru Barzii','izvoru-barzii'),(1882,27,'Jiana','jiana'),(1883,27,'Livezile','livezile'),(1884,27,'Malovat','malovat'),(1885,27,'Obarsia-Closani','obarsia-closani'),(1886,27,'Obarsia de Camp','obarsia-de-camp'),(1887,27,'Oprisor','oprisor'),(1888,27,'Padina','padina'),(1889,27,'Patulele','patulele'),(1890,27,'Podeni','podeni'),(1891,27,'Ponoarele','ponoarele'),(1892,27,'Poroiana Mare','poroiana-mare'),(1893,27,'Pristol','pristol'),(1894,27,'Prunisor','prunisor'),(1895,27,'Punghina','punghina'),(1896,27,'Rogova','rogova'),(1897,27,'Salcia','salcia'),(1898,27,'Simian','simian'),(1899,27,'Sisesti','sisesti'),(1900,27,'Sovarna','sovarna'),(1901,27,'Stangaceaua','stangaceaua'),(1902,27,'Svinita','svinita'),(1903,27,'Tamna','tamna'),(1904,27,'Vanatori','vanatori'),(1905,27,'Vanjulet','vanjulet'),(1906,27,'Vladaia','vladaia'),(1907,27,'Voloiac','voloiac'),(1908,27,'Vrata','vrata'),(1909,26,'Baia Mare','baia-mare'),(1910,26,'Baia-Sprie','baia-sprie'),(1911,26,'Borsa','borsa'),(1912,26,'Cavnic','cavnic'),(1913,26,'Dragomiresti','dragomiresti'),(1914,26,'Salistea de Sus','salistea-de-sus'),(1915,26,'Seini','seini'),(1916,26,'Sighetu Marmatiei','sighetu-marmatiei'),(1917,26,'Somcuta Mare','somcuta-mare'),(1918,26,'Targu-Lapus','targu-lapus'),(1919,26,'Tautii Magheraus','tautii-magheraus'),(1920,26,'Ulmeni','ulmeni'),(1921,26,'Viseu de Sus','viseu-de-sus'),(1922,26,'Ardusat','ardusat'),(1923,26,'Arinis','arinis'),(1924,26,'Asuaju de Sus','asuaju-de-sus'),(1925,26,'Baita de sub Codru','baita-de-sub-codru'),(1926,26,'Baiut','baiut'),(1927,26,'Barsana','barsana'),(1928,26,'Basesti','basesti'),(1929,26,'Bicaz','bicaz'),(1930,26,'Bistra','bistra'),(1931,26,'Bocicoiu Mare','bocicoiu-mare'),(1932,26,'Bogdan Voda','bogdan-voda'),(1933,26,'Boiu Mare','boiu-mare'),(1934,26,'Botiza','botiza'),(1935,26,'Budesti','budesti'),(1936,26,'Calinesti','calinesti'),(1937,26,'Campulung la Tisa','campulung-la-tisa'),(1938,26,'Cernesti','cernesti'),(1939,26,'Cicarlau','cicarlau'),(1940,26,'Coas','coas'),(1941,26,'Coltau','coltau'),(1942,26,'Copalnic-Manastur','copalnic-manastur'),(1943,26,'Coroieni','coroieni'),(1944,26,'Cupseni','cupseni'),(1945,26,'Desesti','desesti'),(1946,26,'Dumbravita','dumbravita'),(1947,26,'Farcasa','farcasa'),(1948,26,'Gardani','gardani'),(1949,26,'Giulesti','giulesti'),(1950,26,'Grosi','grosi'),(1951,26,'Grosii tiblesului','grosii-tiblesului'),(1952,26,'Ieud','ieud'),(1953,26,'Lapus','lapus'),(1954,26,'Leordina','leordina'),(1955,26,'Miresu Mare','miresu-mare'),(1956,26,'Moisei','moisei'),(1957,26,'Oarta de Jos','oarta-de-jos'),(1958,26,'Ocna Sugatag','ocna-sugatag'),(1959,26,'Oncesti','oncesti'),(1960,26,'Petrova','petrova'),(1961,26,'Poienile de sub Munte','poienile-de-sub-munte'),(1962,26,'Poienile Izei','poienile-izei'),(1963,26,'Recea','recea'),(1964,26,'Remetea Chioarului','remetea-chioarului'),(1965,26,'Remeti','remeti'),(1966,26,'Repedea','repedea'),(1967,26,'Rona de Jos','rona-de-jos'),(1968,26,'Rona de Sus','rona-de-sus'),(1969,26,'Rozavlea','rozavlea'),(1970,26,'Ruscova','ruscova'),(1971,26,'Sacalaseni','sacalaseni'),(1972,26,'Sacel','sacel'),(1973,26,'Salsig','salsig'),(1974,26,'Sapanta','sapanta'),(1975,26,'Sarasau','sarasau'),(1976,26,'Satulung','satulung'),(1977,26,'Sieu','sieu'),(1978,26,'Sisesti','sisesti'),(1979,26,'Stramtura','stramtura'),(1980,26,'Suciu de Sus','suciu-de-sus'),(1981,26,'Vadu Izei','vadu-izei'),(1982,26,'Valea Chioarului','valea-chioarului'),(1983,26,'Vima Mica','vima-mica'),(1984,26,'Viseu de Jos','viseu-de-jos'),(1985,28,'Iernut','iernut'),(1986,28,'Ludus','ludus'),(1987,28,'Miercurea Nirajului','miercurea-nirajului'),(1988,28,'Reghin','reghin'),(1989,28,'Sangeorgiu-de-Padure','sangeorgiu-de-padure'),(1990,28,'Sarmasu','sarmasu'),(1991,28,'Sighisoara','sighisoara'),(1992,28,'Sovata','sovata'),(1993,28,'Targu-Mures','targu-mures'),(1994,28,'Tarnaveni','tarnaveni'),(1995,28,'Ungheni','ungheni'),(1996,28,'Acatari','acatari'),(1997,28,'Adamus','adamus'),(1998,28,'Albesti','albesti'),(1999,28,'Alunis','alunis'),(2000,28,'Apold','apold'),(2001,28,'Atintis','atintis'),(2002,28,'Bagaciu','bagaciu'),(2003,28,'Bahnea','bahnea'),(2004,28,'Bala','bala'),(2005,28,'Balauseri','balauseri'),(2006,28,'Band','band'),(2007,28,'Batos','batos'),(2008,28,'Beica de Jos','beica-de-jos'),(2009,28,'Bereni','bereni'),(2010,28,'Bichis','bichis'),(2011,28,'Bogata','bogata'),(2012,28,'Brancovenesti','brancovenesti'),(2013,28,'Breaza','breaza'),(2014,28,'Ceauasu de Campie','ceauasu-de-campie'),(2015,28,'Chetani','chetani'),(2016,28,'Chibed','chibed'),(2017,28,'Chiheru de Jos','chiheru-de-jos'),(2018,28,'Coroisanmartin','coroisanmartin'),(2019,28,'Corunca','corunca'),(2020,28,'Cozma','cozma'),(2021,28,'Craciunesti','craciunesti'),(2022,28,'Craiesti','craiesti'),(2023,28,'Cristesti','cristesti'),(2024,28,'Cucerdea','cucerdea'),(2025,28,'Cuci','cuci'),(2026,28,'Danes','danes'),(2027,28,'Deda','deda'),(2028,28,'Eremitu','eremitu'),(2029,28,'Ernei','ernei'),(2030,28,'Fantanele','fantanele'),(2031,28,'Faragau','faragau'),(2032,28,'Galesti','galesti'),(2033,28,'Ganesti','ganesti'),(2034,28,'Gheorghe Doja','gheorghe-doja'),(2035,28,'Ghindari','ghindari'),(2036,28,'Glodeni','glodeni'),(2037,28,'Gornesti','gornesti'),(2038,28,'Grebenisu de Campie','grebenisu-de-campie'),(2039,28,'Gurghiu','gurghiu'),(2040,28,'Hodac','hodac'),(2041,28,'Hodosa','hodosa'),(2042,28,'Ibanesti','ibanesti'),(2043,28,'Iclanzel','iclanzel'),(2044,28,'Ideciu de Jos','ideciu-de-jos'),(2045,28,'Livezeni','livezeni'),(2046,28,'Lunca Bradului','lunca-bradului'),(2047,28,'Lunca','lunca'),(2048,28,'Madaras','madaras'),(2049,28,'Magherani','magherani'),(2050,28,'Mica','mica'),(2051,28,'Mihesu de Campie','mihesu-de-campie'),(2052,28,'Nades','nades'),(2053,28,'Neaua','neaua'),(2054,28,'Ogra','ogra'),(2055,28,'Panet','panet'),(2056,28,'Papiu Ilarian','papiu-ilarian'),(2057,28,'Pasareni','pasareni'),(2058,28,'Petelea','petelea'),(2059,28,'Pogaceaua','pogaceaua'),(2060,28,'Raciu','raciu'),(2061,28,'Rastolita','rastolita'),(2062,28,'Rusii-Munti','rusii-munti'),(2063,28,'Sancraiu de Mures','sancraiu-de-mures'),(2064,28,'Sangeorgiu de Mures','sangeorgiu-de-mures'),(2065,28,'Sanger','sanger'),(2066,28,'Sanpaul','sanpaul'),(2067,28,'Sanpetru de Campie','sanpetru-de-campie'),(2068,28,'Santana de Mures','santana-de-mures'),(2069,28,'Sarateni','sarateni'),(2070,28,'Saschiz','saschiz'),(2071,28,'Saulia','saulia'),(2072,28,'Sincai','sincai'),(2073,28,'Solovastru','solovastru'),(2074,28,'Stanceni','stanceni'),(2075,28,'Suplac','suplac'),(2076,28,'Suseni','suseni'),(2077,28,'Taureni','taureni'),(2078,28,'Valea Larga','valea-larga'),(2079,28,'Vanatori','vanatori'),(2080,28,'Vargata','vargata'),(2081,28,'Vatava','vatava'),(2082,28,'Vetca','vetca'),(2083,28,'Viisoara','viisoara'),(2084,28,'Voivodeni','voivodeni'),(2085,28,'Zagar','zagar'),(2086,28,'Zau de Campie','zau-de-campie'),(2087,29,'Bicaz','bicaz'),(2088,29,'Piatra Neamt','piatra-neamt'),(2089,29,'Roman','roman'),(2090,29,'Roznov','roznov'),(2091,29,'Targu-Neamt','targu-neamt'),(2092,29,'Agapia','agapia'),(2093,29,'Alexandru cel Bun','alexandru-cel-bun'),(2094,29,'Bahna','bahna'),(2095,29,'Baltatesti','baltatesti'),(2096,29,'Bara','bara'),(2097,29,'Bargauani','bargauani'),(2098,29,'Bicaz-Chei','bicaz-chei'),(2099,29,'Bicazu Ardelean','bicazu-ardelean'),(2100,29,'Bodesti','bodesti'),(2101,29,'Boghicea','boghicea'),(2102,29,'Borca','borca'),(2103,29,'Borlesti','borlesti'),(2104,29,'Botesti','botesti'),(2105,29,'Bozieni','bozieni'),(2106,29,'Brusturi','brusturi'),(2107,29,'Candesti','candesti'),(2108,29,'Ceahlau','ceahlau'),(2109,29,'Cordun','cordun'),(2110,29,'Costisa','costisa'),(2111,29,'Cracaoani','cracaoani'),(2112,29,'Damuc','damuc'),(2113,29,'Dobreni','dobreni'),(2114,29,'Dochia','dochia'),(2115,29,'Doljesti','doljesti'),(2116,29,'Draganesti','draganesti'),(2117,29,'Dragomiresti','dragomiresti'),(2118,29,'Dulcesti','dulcesti'),(2119,29,'Dumbrava Rosie','dumbrava-rosie'),(2120,29,'Farcasa','farcasa'),(2121,29,'Faurei','faurei'),(2122,29,'Gadinti','gadinti'),(2123,29,'Garcina','garcina'),(2124,29,'Gheraesti','gheraesti'),(2125,29,'Ghindaoani','ghindaoani'),(2126,29,'Girov','girov'),(2127,29,'Grinties','grinties'),(2128,29,'Grumazesti','grumazesti'),(2129,29,'Hangu','hangu'),(2130,29,'Horia','horia'),(2131,29,'Icusesti','icusesti'),(2132,29,'Ion Creanga','ion-creanga'),(2133,29,'Margineni','margineni'),(2134,29,'Moldoveni','moldoveni'),(2135,29,'Negresti','negresti'),(2136,29,'Oniceni','oniceni'),(2137,29,'Pancesti','pancesti'),(2138,29,'Pangarati','pangarati'),(2139,29,'Pastraveni','pastraveni'),(2140,29,'Petricani','petricani'),(2141,29,'Piatra Soimului','piatra-soimului'),(2142,29,'Pipirig','pipirig'),(2143,29,'Podoleni','podoleni'),(2144,29,'Poiana Teiului','poiana-teiului'),(2145,29,'Poienari','poienari'),(2146,29,'Raucesti','raucesti'),(2147,29,'Razboieni','razboieni'),(2148,29,'Rediu','rediu'),(2149,29,'Romani','romani'),(2150,29,'Ruginoasa','ruginoasa'),(2151,29,'Sabaoani','sabaoani'),(2152,29,'Sagna','sagna'),(2153,29,'Savinesti','savinesti'),(2154,29,'Secuieni','secuieni'),(2155,29,'Stanita','stanita'),(2156,29,'Stefan cel Mare','stefan-cel-mare'),(2157,29,'Tamaseni','tamaseni'),(2158,29,'Tarcau','tarcau'),(2159,29,'Tasca','tasca'),(2160,29,'Tazlau','tazlau'),(2161,29,'Tibucani','tibucani'),(2162,29,'Timisesti','timisesti'),(2163,29,'Trifesti','trifesti'),(2164,29,'Tupilati','tupilati'),(2165,29,'Urecheni','urecheni'),(2166,29,'Valea Ursului','valea-ursului'),(2167,29,'Valeni','valeni'),(2168,29,'Vanatori-Neamt','vanatori-neamt'),(2169,29,'Zanesti','zanesti'),(2170,30,'Bals','bals'),(2171,30,'Caracal','caracal'),(2172,30,'Corabia','corabia'),(2173,30,'Draganesti-Olt','draganesti-olt'),(2174,30,'Piatra Olt','piatra-olt'),(2175,30,'Potcoava','potcoava'),(2176,30,'Scornicesti','scornicesti'),(2177,30,'Slatina','slatina'),(2178,30,'Babiciu','babiciu'),(2179,30,'Baldovinesti','baldovinesti'),(2180,30,'Balteni','balteni'),(2181,30,'Barasti','barasti'),(2182,30,'Barza','barza'),(2183,30,'Iernut','iernut'),(2184,30,'Bobicesti','bobicesti'),(2185,30,'Brancoevni','brancoevni'),(2186,30,'Brastavatu','brastavatu'),(2187,30,'Brebeni','brebeni'),(2188,30,'Bucinisu','bucinisu'),(2189,30,'Calui','calui'),(2190,30,'Carlogani','carlogani'),(2191,30,'Cezieni','cezieni'),(2192,30,'Cilieni','cilieni'),(2193,30,'Colonesti','colonesti'),(2194,30,'Corbu','corbu'),(2195,30,'Coteana','coteana'),(2196,30,'Crampoia','crampoia'),(2197,30,'Cungrea','cungrea'),(2198,30,'Curtisoara','curtisoara'),(2199,30,'Daneasa','daneasa'),(2200,30,'Deveselu','deveselu'),(2201,30,'Dobretu','dobretu'),(2202,30,'Dobrosloveni','dobrosloveni'),(2203,30,'Dobroteasa','dobroteasa'),(2204,30,'Dobrun','dobrun'),(2205,30,'Draghiceni','draghiceni'),(2206,30,'Fagetelu','fagetelu'),(2207,30,'Falcoiu','falcoiu'),(2208,30,'Farcasele','farcasele'),(2209,30,'Ganeasa','ganeasa'),(2210,30,'Garcov','garcov'),(2211,30,'Gavanesti','gavanesti'),(2212,30,'Ghimpeteni','ghimpeteni'),(2213,30,'Giuvarasti','giuvarasti'),(2214,30,'Gostavatu','gostavatu'),(2215,30,'Gradinari','gradinari'),(2216,30,'Gradinile','gradinile'),(2217,30,'Grojdibodu','grojdibodu'),(2218,30,'Gura Padinii','gura-padinii'),(2219,30,'Ianca','ianca'),(2220,30,'Iancu Jianu','iancu-jianu'),(2221,30,'Icoana','icoana'),(2222,30,'Ipotesti','ipotesti'),(2223,30,'Izbiceni','izbiceni'),(2224,30,'Izvoarele','izvoarele'),(2225,30,'Leleasca','leleasca'),(2226,30,'Maruntei','maruntei'),(2227,30,'Mihaesti','mihaesti'),(2228,30,'Milcov','milcov'),(2229,30,'Morunglav','morunglav'),(2230,30,'Movileni','movileni'),(2231,30,'Nicolae Titulescu','nicolae-titulescu'),(2232,30,'Obarsia','obarsia'),(2233,30,'Oboga','oboga'),(2234,30,'Oporelu','oporelu'),(2235,30,'Optasi-Magura','optasi-magura'),(2236,30,'Orlea','orlea'),(2237,30,'Osica de Jos','osica-de-jos'),(2238,30,'Osica de Sus','osica-de-sus'),(2239,30,'Parscoveni','parscoveni'),(2240,30,'Perieti','perieti'),(2241,30,'Plesoiu','plesoiu'),(2242,30,'Poboru','poboru'),(2243,30,'Priseaca','priseaca'),(2244,30,'Radomiresti','radomiresti'),(2245,30,'Redea','redea'),(2246,30,'Rotunda','rotunda'),(2247,30,'Rusanesti','rusanesti'),(2248,30,'Samburesti','samburesti'),(2249,30,'Sarbii-Magura','sarbii-magura'),(2250,30,'Scarisoara','scarisoara'),(2251,30,'Schitu','schitu'),(2252,30,'Seaca','seaca'),(2253,30,'Serbanesti','serbanesti'),(2254,30,'Slatioara','slatioara'),(2255,30,'Soparlita','soparlita'),(2256,30,'Spineni','spineni'),(2257,30,'Sprancenata','sprancenata'),(2258,30,'Stefan cel Mare','stefan-cel-mare'),(2259,30,'Stoenesti','stoenesti'),(2260,30,'Stoicanesti','stoicanesti'),(2261,30,'Strejesti','strejesti'),(2262,30,'Studina','studina'),(2263,30,'Tatulesti','tatulesti'),(2264,30,'Teslui','teslui'),(2265,30,'Tia Mare','tia-mare'),(2266,30,'Topana','topana'),(2267,30,'Traian','traian'),(2268,30,'Tufeni','tufeni'),(2269,30,'Urzica','urzica'),(2270,30,'Vadastra','vadastra'),(2271,30,'Vadastrita','vadastrita'),(2272,30,'Valcele','valcele'),(2273,30,'Valea Mare','valea-mare'),(2274,30,'Valeni','valeni'),(2275,30,'Verguleasa','verguleasa'),(2276,30,'Visina Noua','visina-noua'),(2277,30,'Visina','visina'),(2278,30,'Vitomiresti','vitomiresti'),(2279,30,'Vladila','vladila'),(2280,30,'Voineasa','voineasa'),(2281,30,'Vulpeni','vulpeni'),(2282,30,'Vulturesti','vulturesti'),(2283,32,'Cehu Silvaniei','cehu-silvaniei'),(2284,32,'Jibou','jibou'),(2285,32,'Simleu Silvaniei','simleu-silvaniei'),(2286,32,'Zalau','zalau'),(2287,32,'Agrij','agrij'),(2288,32,'Almasu','almasu'),(2289,32,'Babeni','babeni'),(2290,32,'Balan','balan'),(2291,32,'Banisor','banisor'),(2292,32,'Benesat','benesat'),(2293,32,'Bobota','bobota'),(2294,32,'Bocsa','bocsa'),(2295,32,'Boghis','boghis'),(2296,32,'Buciumi','buciumi'),(2297,32,'Camar','camar'),(2298,32,'Carastelec','carastelec'),(2299,32,'Chiesd','chiesd'),(2300,32,'Cizer','cizer'),(2301,32,'Coseiu','coseiu'),(2302,32,'Crasna','crasna'),(2303,32,'Creaca','creaca'),(2304,32,'Criseni','criseni'),(2305,32,'Cristolt','cristolt'),(2306,32,'Cuzaplac','cuzaplac'),(2307,32,'Dobrin','dobrin'),(2308,32,'Dragu','dragu'),(2309,32,'Fildu de Jos','fildu-de-jos'),(2310,32,'Galgau','galgau'),(2311,32,'Garbou','garbou'),(2312,32,'Halmasd','halmasd'),(2313,32,'Hereclean','hereclean'),(2314,32,'Hida','hida'),(2315,32,'Horatu Crasnei','horatu-crasnei'),(2316,32,'Ilenda','ilenda'),(2317,32,'Ip','ip'),(2318,32,'Letca','letca'),(2319,32,'Lozna','lozna'),(2320,32,'Maeriste','maeriste'),(2321,32,'Marca','marca'),(2322,32,'Mesesenii de Jos','mesesenii-de-jos'),(2323,32,'Mirsid','mirsid'),(2324,32,'Napradea','napradea'),(2325,32,'Nusfalau','nusfalau'),(2326,32,'Pericei','pericei'),(2327,32,'Plopis','plopis'),(2328,32,'Poiana Blenchii','poiana-blenchii'),(2329,32,'Romanasi','romanasi'),(2330,32,'Rus','rus'),(2331,32,'Sag','sag'),(2332,32,'Salatig','salatig'),(2333,32,'Samsud','samsud'),(2334,32,'Sanmihaiu Almasului','sanmihaiu-almasului'),(2335,32,'Sarmasag','sarmasag'),(2336,32,'Simisna','simisna'),(2337,32,'Somes-Odorhei','somes-odorhei'),(2338,32,'Surduc','surduc'),(2339,32,'Treznea','treznea'),(2340,32,'Valcau de Jos','valcau-de-jos'),(2341,32,'Varsolt','varsolt'),(2342,32,'Zalha','zalha'),(2343,32,'Zimbor','zimbor'),(2344,34,'Agnita','agnita'),(2345,34,'Avrig','avrig'),(2346,34,'Cisnadie','cisnadie'),(2347,34,'Copsa Mica','copsa-mica'),(2348,34,'Dumbraveni','dumbraveni'),(2349,34,'Medias','medias'),(2350,34,'Miercurea Sibiului','miercurea-sibiului'),(2351,34,'Ocna Sibiului','ocna-sibiului'),(2352,34,'Saliste','saliste'),(2353,34,'Sibiu','sibiu'),(2354,34,'Talmaciu','talmaciu'),(2355,34,'Alma','alma'),(2356,34,'Altana','altana'),(2357,34,'Apoldu de Jos','apoldu-de-jos'),(2358,34,'Arpasu de Jos','arpasu-de-jos'),(2359,34,'Atel','atel'),(2360,34,'Axente Sever','axente-sever'),(2361,34,'Barghis','barghis'),(2362,34,'Bazna','bazna'),(2363,34,'Biertan','biertan'),(2364,34,'Blajel','blajel'),(2365,34,'Boita','boita'),(2366,34,'Bradeni','bradeni'),(2367,34,'Brateiu','brateiu'),(2368,34,'Bruiu','bruiu'),(2369,34,'Carta','carta'),(2370,34,'Cartisoara','cartisoara'),(2371,34,'Chirpar','chirpar'),(2372,34,'Cristian','cristian'),(2373,34,'Darlos','darlos'),(2374,34,'Gura Raului','gura-raului'),(2375,34,'Hoghilag','hoghilag'),(2376,34,'Iacobeni','iacobeni'),(2377,34,'Jina','jina'),(2378,34,'Laslea','laslea'),(2379,34,'Loamnes','loamnes'),(2380,34,'Ludos','ludos'),(2381,34,'Marpod','marpod'),(2382,34,'Merghindeal','merghindeal'),(2383,34,'Micasasa','micasasa'),(2384,34,'Mihaileni','mihaileni'),(2385,34,'Mosna','mosna'),(2386,34,'Nocrich','nocrich'),(2387,34,'Orlat','orlat'),(2388,34,'Pauca','pauca'),(2389,34,'Poiana Sibiului','poiana-sibiului'),(2390,34,'Poplaca','poplaca'),(2391,34,'Porumbacu de Jos','porumbacu-de-jos'),(2392,34,'Racovita','racovita'),(2393,34,'Rasinari','rasinari'),(2394,34,'Rau Sadului','rau-sadului'),(2395,34,'Rosia','rosia'),(2396,34,'Sadu','sadu'),(2397,34,'Seica Mare','seica-mare'),(2398,34,'Seica Mica','seica-mica'),(2399,34,'Selimbar','selimbar'),(2400,34,'Slimnic','slimnic'),(2401,34,'Sura Mare','sura-mare'),(2402,34,'Sura Mica','sura-mica'),(2403,34,'Tarnava','tarnava'),(2404,34,'Tilisca','tilisca'),(2405,34,'Turnu Rosu','turnu-rosu'),(2406,34,'Valea Viilor','valea-viilor'),(2407,34,'Vurpar','vurpar'),(2408,31,'Azuga','azuga'),(2409,31,'Baicoi','baicoi'),(2410,31,'Boldesti-Scaeni','boldesti-scaeni'),(2411,31,'Breaza','breaza'),(2412,31,'Busteni','busteni'),(2413,31,'Campina','campina'),(2414,31,'Comarnic','comarnic'),(2415,31,'Mizil','mizil'),(2416,31,'Ploiesti','ploiesti'),(2417,31,'Plopeni','plopeni'),(2418,31,'Sinaia','sinaia'),(2419,31,'Slanic','slanic'),(2420,31,'Urlati','urlati'),(2421,31,'Valenii de Munte','valenii-de-munte'),(2422,31,'Adunati','adunati'),(2423,31,'Albesti-Paleologu','albesti-paleologu'),(2424,31,'Alunis','alunis'),(2425,31,'Apostolache','apostolache'),(2426,31,'Aricestii Rahtivani','aricestii-rahtivani'),(2427,31,'Aricestii Zeletin','aricestii-zeletin'),(2428,31,'Baba Ana','baba-ana'),(2429,31,'Balta Doamnei','balta-doamnei'),(2430,31,'Baltesti','baltesti'),(2431,31,'Banesti','banesti'),(2432,31,'Barcanesti','barcanesti'),(2433,31,'Batrani','batrani'),(2434,31,'Berceni','berceni'),(2435,31,'Bertea','bertea'),(2436,31,'Blejoi','blejoi'),(2437,31,'Boldesti-Gradistea','boldesti-gradistea'),(2438,31,'Brazi','brazi'),(2439,31,'Brebu','brebu'),(2440,31,'Bucov','bucov'),(2441,31,'Calugareni','calugareni'),(2442,31,'Carbunesti','carbunesti'),(2443,31,'Ceptura','ceptura'),(2444,31,'Cerasu','cerasu'),(2445,31,'Chiojdeanca','chiojdeanca'),(2446,31,'Ciorani','ciorani'),(2447,31,'Cocorastii Colt','cocorastii-colt'),(2448,31,'Cocorastii Mislii','cocorastii-mislii'),(2449,31,'Colceag','colceag'),(2450,31,'Cornu','cornu'),(2451,31,'Cosminele','cosminele'),(2452,31,'Draganesti','draganesti'),(2453,31,'Drajna','drajna'),(2454,31,'Dumbrava','dumbrava'),(2455,31,'Dumbravesti','dumbravesti'),(2456,31,'Fantanele','fantanele'),(2457,31,'Filipestii de Padure','filipestii-de-padure'),(2458,31,'Filipestii de Targ','filipestii-de-targ'),(2459,31,'Floresti','floresti'),(2460,31,'Fulga','fulga'),(2461,31,'Gherighita','gherighita'),(2462,31,'Gorgota','gorgota'),(2463,31,'Gornet-Cricov','gornet-cricov'),(2464,31,'Gornet','gornet'),(2465,31,'Gura Vadului','gura-vadului'),(2466,31,'Gura Vitioarei','gura-vitioarei'),(2467,31,'Iordacheanu','iordacheanu'),(2468,31,'Izvoarele','izvoarele'),(2469,31,'Jugureni','jugureni'),(2470,31,'Lapos','lapos'),(2471,31,'Lipanesti','lipanesti'),(2472,31,'Magurele','magurele'),(2473,31,'Magureni','magureni'),(2474,31,'Maneciu','maneciu'),(2475,31,'Manesti','manesti'),(2476,31,'Olari','olari'),(2477,31,'Pacureti','pacureti'),(2478,31,'Paulesti','paulesti'),(2479,31,'Plopu','plopu'),(2480,31,'Podenii Noi','podenii-noi'),(2481,31,'Poiana Campina','poiana-campina'),(2482,31,'Poienarii Burchii','poienarii-burchii'),(2483,31,'Posesti','posesti'),(2484,31,'Predeal-Sarari','predeal-sarari'),(2485,31,'Provita de Jos','provita-de-jos'),(2486,31,'Provita de Sus','provita-de-sus'),(2487,31,'Puchenii Mari','puchenii-mari'),(2488,31,'Rafov','rafov'),(2489,31,'Salcia','salcia'),(2490,31,'Salciile','salciile'),(2491,31,'Sangeru','sangeru'),(2492,31,'Scorteni','scorteni'),(2493,31,'Secaria','secaria'),(2494,31,'Sirna','sirna'),(2495,31,'Soimari','soimari'),(2496,31,'Sotrile','sotrile'),(2497,31,'Starchiojd','starchiojd'),(2498,31,'Stefanesti','stefanesti'),(2499,31,'Surani','surani'),(2500,31,'Talea','talea'),(2501,31,'Targsoru Vechi','targsoru-vechi'),(2502,31,'Tataru','tataru'),(2503,31,'Teisani','teisani'),(2504,31,'Telega','telega'),(2505,31,'Tinosu','tinosu'),(2506,31,'Tomsani','tomsani'),(2507,31,'Vadu Sapat','vadu-sapat'),(2508,31,'Valcanesti','valcanesti'),(2509,31,'Valea Calugareasca','valea-calugareasca'),(2510,31,'Valea Doftanei','valea-doftanei'),(2511,31,'Varbilau','varbilau'),(2512,36,'Alexandria','alexandria'),(2513,36,'Rosiorii de Vede','rosiorii-de-vede'),(2514,36,'Turnu Magurele','turnu-magurele'),(2515,36,'Videle','videle'),(2516,36,'Zimnicea','zimnicea'),(2517,36,'Babaita','babaita'),(2518,36,'Balaci','balaci'),(2519,36,'Beciu','beciu'),(2520,36,'Beuca','beuca'),(2521,36,'Blajesti','blajesti'),(2522,36,'Bogdana','bogdana'),(2523,36,'Botoroaga','botoroaga'),(2524,36,'Bragadiru','bragadiru'),(2525,36,'Branceni','branceni'),(2526,36,'Bujoreni','bujoreni'),(2527,36,'Bujoru','bujoru'),(2528,36,'Buzescu','buzescu'),(2529,36,'Calinesti','calinesti'),(2530,36,'Calmatuiu de Sus','calmatuiu-de-sus'),(2531,36,'Calmatuiu','calmatuiu'),(2532,36,'Cervenia','cervenia'),(2533,36,'Ciolanesti','ciolanesti'),(2534,36,'Ciuperceni','ciuperceni'),(2535,36,'Contesti','contesti'),(2536,36,'Cosmesti','cosmesti'),(2537,36,'Crangeni','crangeni'),(2538,36,'Crangu','crangu'),(2539,36,'Crevenicu','crevenicu'),(2540,36,'Didesti','didesti'),(2541,36,'Dobrotesti','dobrotesti'),(2542,36,'Dracea','dracea'),(2543,36,'Dracsenei','dracsenei'),(2544,36,'Draganesti de Vede','draganesti-de-vede'),(2545,36,'Draganesti-Vlasca','draganesti-vlasca'),(2546,36,'Fantanele','fantanele'),(2547,36,'Frasinet','frasinet'),(2548,36,'Frumoasa','frumoasa'),(2549,36,'Furculesti','furculesti'),(2550,36,'Galateni','galateni'),(2551,36,'Gratia','gratia'),(2552,36,'Islaz','islaz'),(2553,36,'Izvoarele','izvoarele'),(2554,36,'Lisa','lisa'),(2555,36,'Lita','lita'),(2556,36,'Lunca','lunca'),(2557,36,'Magura','magura'),(2558,36,'Maldaeni','maldaeni'),(2559,36,'Marzanesti','marzanesti'),(2560,36,'Mavrodin','mavrodin'),(2561,36,'Mereni','mereni'),(2562,36,'Mosteni','mosteni'),(2563,36,'Nanov','nanov'),(2564,36,'Nasturelu','nasturelu'),(2565,36,'Necsesti','necsesti'),(2566,36,'Nenciulesti','nenciulesti'),(2567,36,'Olteni','olteni'),(2568,36,'Orbeasca','orbeasca'),(2569,36,'Peretu','peretu'),(2570,36,'Piatra','piatra'),(2571,36,'Pietrosani','pietrosani'),(2572,36,'Plopii-Slavitesti','plopii-slavitesti'),(2573,36,'Plosca','plosca'),(2574,36,'Poeni','poeni'),(2575,36,'Poroschia','poroschia'),(2576,36,'Purani','purani'),(2577,36,'Putineiu','putineiu'),(2578,36,'Radoiesti','radoiesti'),(2579,36,'Rasmiresti','rasmiresti'),(2580,36,'Saceni','saceni'),(2581,36,'Saelele','saelele'),(2582,36,'Salcia','salcia'),(2583,36,'Sarbeni','sarbeni'),(2584,36,'Scrioastea','scrioastea'),(2585,36,'Scurtu Mare','scurtu-mare'),(2586,36,'Seaca','seaca'),(2587,36,'Segarcea-Vale','segarcea-vale'),(2588,36,'Sfintesti','sfintesti'),(2589,36,'Silistea Gumesti','silistea-gumesti'),(2590,36,'Silistea','silistea'),(2591,36,'Slobozia Mandra','slobozia-mandra'),(2592,36,'Smardioasa','smardioasa'),(2593,36,'Stejaru','stejaru'),(2594,36,'Storobaneasa','storobaneasa'),(2595,36,'Suhaia','suhaia'),(2596,36,'Talpa','talpa'),(2597,36,'Tatarastii de Jos','tatarastii-de-jos'),(2598,36,'Tatarastii de Sus','tatarastii-de-sus'),(2599,36,'Tiganesti','tiganesti'),(2600,36,'Traian','traian'),(2601,36,'Trivalea-Mosteni','trivalea-mosteni'),(2602,36,'Troianul','troianul'),(2603,36,'Uda-Clocociov','uda-clocociov'),(2604,36,'Vartoape','vartoape'),(2605,36,'Vedea','vedea'),(2606,36,'Viisoara','viisoara'),(2607,36,'Vitanesti','vitanesti'),(2608,36,'Zambreasca','zambreasca'),(2609,38,'Babadag','babadag'),(2610,38,'Isaccea','isaccea'),(2611,38,'Macin','macin'),(2612,38,'Sulina','sulina'),(2613,38,'Tulcea','tulcea'),(2614,38,'Baia','baia'),(2615,38,'Beidaud','beidaud'),(2616,38,'Bestepe','bestepe'),(2617,38,'C.A. Rosetti','c.a.-rosetti'),(2618,38,'Carcaliu','carcaliu'),(2619,38,'Casimcea','casimcea'),(2620,38,'Ceamurlia de Jos','ceamurlia-de-jos'),(2621,38,'Ceatalchioi','ceatalchioi'),(2622,38,'Cerna','cerna'),(2623,38,'Chilia Veche','chilia-veche'),(2624,38,'Ciucurova','ciucurova'),(2625,38,'Crisan','crisan'),(2626,38,'Daeni','daeni'),(2627,38,'Dorobantu','dorobantu'),(2628,38,'Frecatei','frecatei'),(2629,38,'Greci','greci'),(2630,38,'Grindu','grindu'),(2631,38,'Hamcearca','hamcearca'),(2632,38,'Horia','horia'),(2633,38,'I.C.Bratianu','i.c.bratianu'),(2634,38,'Izvoarele','izvoarele'),(2635,38,'Jijila','jijila'),(2636,38,'Jurilovca','jurilovca'),(2637,38,'Luncavita','luncavita'),(2638,38,'Mahmudia','mahmudia'),(2639,38,'Maliuc','maliuc'),(2640,38,'Mihai Bravu','mihai-bravu'),(2641,38,'Mihail Kogalniceanu','mihail-kogalniceanu'),(2642,38,'Murighiol','murighiol'),(2643,38,'Nalbant','nalbant'),(2644,38,'Niculitel','niculitel'),(2645,38,'Nufaru','nufaru'),(2646,38,'Ostrov','ostrov'),(2647,38,'Pardina','pardina'),(2648,38,'Peceneaga','peceneaga'),(2649,38,'Sarichioi','sarichioi'),(2650,38,'Sfantu Gheorghe','sfantu-gheorghe'),(2651,38,'Slava Cercheza','slava-cercheza'),(2652,38,'Smardan','smardan'),(2653,38,'Somova','somova'),(2654,38,'Stejaru','stejaru'),(2655,38,'Topolog','topolog'),(2656,38,'Turcoaia','turcoaia'),(2657,38,'Vacareni','vacareni'),(2658,38,'Valea Nucarilor','valea-nucarilor'),(2659,38,'Valea Teilor','valea-teilor'),(2660,40,'Barlad','barlad'),(2661,40,'Husi','husi'),(2662,40,'Murgeni','murgeni'),(2663,40,'Negresti','negresti'),(2664,40,'Vaslui','vaslui'),(2665,40,'Albesti','albesti'),(2666,40,'Alexandru Vlahuta','alexandru-vlahuta'),(2667,40,'Arsura','arsura'),(2668,40,'Bacani','bacani'),(2669,40,'Bacesti','bacesti'),(2670,40,'Balteni','balteni'),(2671,40,'Banca','banca'),(2672,40,'Berezeni','berezeni'),(2673,40,'Blagesti','blagesti'),(2674,40,'Bogdana','bogdana'),(2675,40,'Bogdanesti','bogdanesti'),(2676,40,'Bogdanita','bogdanita'),(2677,40,'Botesti','botesti'),(2678,40,'Bunesti-Averesti','bunesti-averesti'),(2679,40,'Ciocani','ciocani'),(2680,40,'Codaesti','codaesti'),(2681,40,'Coroiesti','coroiesti'),(2682,40,'Costesti','costesti'),(2683,40,'Cozmesti','cozmesti'),(2684,40,'Cretesti','cretesti'),(2685,40,'Danesti','danesti'),(2686,40,'Deleni','deleni'),(2687,40,'Delesti','delesti'),(2688,40,'Dimitrie Cantemir','dimitrie-cantemir'),(2689,40,'Dodesti','dodesti'),(2690,40,'Dragomiresti','dragomiresti'),(2691,40,'Dranceni','dranceni'),(2692,40,'Duda-Epureni','duda-epureni'),(2693,40,'Dumesti','dumesti'),(2694,40,'Epureni','epureni'),(2695,40,'Falciu','falciu'),(2696,40,'Feresti','feresti'),(2697,40,'Fruntiseni','fruntiseni'),(2698,40,'Gagesti','gagesti'),(2699,40,'Garceni','garceni'),(2700,40,'Gherghesti','gherghesti'),(2701,40,'Grivita','grivita'),(2702,40,'Hoceni','hoceni'),(2703,40,'Iana','iana'),(2704,40,'Ibanesti','ibanesti'),(2705,40,'Ivanesti','ivanesti'),(2706,40,'Ivesti','ivesti'),(2707,40,'Laza','laza'),(2708,40,'Lipovat','lipovat'),(2709,40,'Lunca Banului','lunca-banului'),(2710,40,'Malusteni','malusteni'),(2711,40,'Miclesti','miclesti'),(2712,40,'Muntenii de Jos','muntenii-de-jos'),(2713,40,'Muntenii de Sus','muntenii-de-sus'),(2714,40,'Oltenesti','oltenesti'),(2715,40,'Osesti','osesti'),(2716,40,'Padureni','padureni'),(2717,40,'Perieni','perieni'),(2718,40,'Pochidia','pochidia'),(2719,40,'Pogana','pogana'),(2720,40,'Pogonesti','pogonesti'),(2721,40,'Poienesti','poienesti'),(2722,40,'Puiesti','puiesti'),(2723,40,'Pungesti','pungesti'),(2724,40,'Puscasi','puscasi'),(2725,40,'Rafaila','rafaila'),(2726,40,'Rebricea','rebricea'),(2727,40,'Rosiesti','rosiesti'),(2728,40,'Solesti','solesti'),(2729,40,'Stanilesti','stanilesti'),(2730,40,'Srefan cel Mare','srefan-cel-mare'),(2731,40,'Suletea','suletea'),(2732,40,'Tacuta','tacuta'),(2733,40,'Tanacu','tanacu'),(2734,40,'Tatarani','tatarani'),(2735,40,'Todiresti','todiresti'),(2736,40,'Tutova','tutova'),(2737,40,'Valeni','valeni'),(2738,40,'Vetrisoaia','vetrisoaia'),(2739,40,'Viisoara','viisoara'),(2740,40,'Vinderei','vinderei'),(2741,40,'Voinesti','voinesti'),(2742,40,'Vulturesti','vulturesti'),(2743,40,'Vutcani','vutcani'),(2744,40,'Zapodeni','zapodeni'),(2745,40,'Zorleni','zorleni'),(2746,33,'Ardud','ardud'),(2747,33,'Carei','carei'),(2748,33,'Livada','livada'),(2749,33,'Negresti-Oas','negresti-oas'),(2750,33,'Satu Mare','satu-mare'),(2751,33,'Tasnad','tasnad'),(2752,33,'Acas','acas'),(2753,33,'Agris','agris'),(2754,33,'Andrid','andrid'),(2755,33,'Apa','apa'),(2756,33,'Barsau','barsau'),(2757,33,'Batarci','batarci'),(2758,33,'Beltiug','beltiug'),(2759,33,'Berveni','berveni'),(2760,33,'Bixad','bixad'),(2761,33,'Bogdand','bogdand'),(2762,33,'Calinesti-Oas','calinesti-oas'),(2763,33,'Camarzana','camarzana'),(2764,33,'Camin','camin'),(2765,33,'Capleni','capleni'),(2766,33,'Cauas','cauas'),(2767,33,'Cehal','cehal'),(2768,33,'Certeze','certeze'),(2769,33,'Ciumesti','ciumesti'),(2770,33,'Craidorolt','craidorolt'),(2771,33,'Crucisor','crucisor'),(2772,33,'Culciu','culciu'),(2773,33,'Doba','doba'),(2774,33,'Dorolt','dorolt'),(2775,33,'Foieni','foieni'),(2776,33,'Gherta Mica','gherta-mica'),(2777,33,'Halmeu','halmeu'),(2778,33,'Hodod','hodod'),(2779,33,'Homoroade','homoroade'),(2780,33,'Lazuri','lazuri'),(2781,33,'Mediesu Aurit','mediesu-aurit'),(2782,33,'Micula','micula'),(2783,33,'Moftin','moftin'),(2784,33,'Odoreu','odoreu'),(2785,33,'Orasu Nou','orasu-nou'),(2786,33,'Paulesti','paulesti'),(2787,33,'Petresti','petresti'),(2788,33,'Pir','pir'),(2789,33,'Piscolt','piscolt'),(2790,33,'Pomi','pomi'),(2791,33,'Porumbesti','porumbesti'),(2792,33,'Racsa','racsa'),(2793,33,'Sacaseni','sacaseni'),(2794,33,'Sanislau','sanislau'),(2795,33,'Santau','santau'),(2796,33,'Sauca','sauca'),(2797,33,'Socond','socond'),(2798,33,'Supur','supur'),(2799,33,'Tarna Mare','tarna-mare'),(2800,33,'Tarsolt','tarsolt'),(2801,33,'Terebesti','terebesti'),(2802,33,'Tiream','tiream'),(2803,33,'Turt','turt'),(2804,33,'Turulung','turulung'),(2805,33,'Urziceni','urziceni'),(2806,33,'Valea Vinului','valea-vinului'),(2807,33,'Vama','vama'),(2808,33,'Vetis','vetis'),(2809,33,'Viile Satu Mare','viile-satu-mare'),(2810,35,'Brosteni','brosteni'),(2811,35,'Cajvana','cajvana'),(2812,35,'Campulung Moldovenesc','campulung-moldovenesc'),(2813,35,'Dolhasca','dolhasca'),(2814,35,'Falticeni','falticeni'),(2815,35,'Frasin','frasin'),(2816,35,'Gura Humorului','gura-humorului'),(2817,35,'Liteni','liteni'),(2818,35,'Milisauti','milisauti'),(2819,35,'Radauti','radauti'),(2820,35,'Salcea','salcea'),(2821,35,'Siret','siret'),(2822,35,'Solca','solca'),(2823,35,'Suceava','suceava'),(2824,35,'Vatra Dornei','vatra-dornei'),(2825,35,'Vicovu de Sus','vicovu-de-sus'),(2826,35,'Adancata','adancata'),(2827,35,'Arbore','arbore'),(2828,35,'Baia','baia'),(2829,35,'Balaceana','balaceana'),(2830,35,'Balcauti','balcauti'),(2831,35,'Berchisesti','berchisesti'),(2832,35,'Bilca','bilca'),(2833,35,'Bogdanesti','bogdanesti'),(2834,35,'Boroaia','boroaia'),(2835,35,'Bosanci','bosanci'),(2836,35,'Botosana','botosana'),(2837,35,'Breaza','breaza'),(2838,35,'Brodina','brodina'),(2839,35,'Bunesti','bunesti'),(2840,35,'Burla','burla'),(2841,35,'Cacica','cacica'),(2842,35,'Calafindesti','calafindesti'),(2843,35,'Capu Campului','capu-campului'),(2844,35,'Carlibaba','carlibaba'),(2845,35,'Ciocanesti','ciocanesti'),(2846,35,'Ciprian Porumbescu','ciprian-porumbescu'),(2847,35,'Comanesti','comanesti'),(2848,35,'Cornu Luncii','cornu-luncii'),(2849,35,'Cosna','cosna'),(2850,35,'Crucea','crucea'),(2851,35,'Darmanesti','darmanesti'),(2852,35,'Dolhesti','dolhesti'),(2853,35,'Dorna-Arini','dorna-arini'),(2854,35,'Dorna Candrenilor','dorna-candrenilor'),(2855,35,'Dornesti','dornesti'),(2856,35,'Dragoiesti','dragoiesti'),(2857,35,'Draguseni','draguseni'),(2858,35,'Dumbraveni','dumbraveni'),(2859,35,'Fantana Mare','fantana-mare'),(2860,35,'Fantanele','fantanele'),(2861,35,'Forasti','forasti'),(2862,35,'Fratautii Noi','fratautii-noi'),(2863,35,'Fratautii Vechi','fratautii-vechi'),(2864,35,'Frumosu','frumosu'),(2865,35,'Fundu Moldovei','fundu-moldovei'),(2866,35,'Galanesti','galanesti'),(2867,35,'Gramesti','gramesti'),(2868,35,'Granicesti','granicesti'),(2869,35,'Hantesti','hantesti'),(2870,35,'Hartop','hartop'),(2871,35,'Horodnic de Jos','horodnic-de-jos'),(2872,35,'Horodnic de Sus','horodnic-de-sus'),(2873,35,'Horodniceni','horodniceni'),(2874,35,'Iacobeni','iacobeni'),(2875,35,'Iaslovat','iaslovat'),(2876,35,'Ilisesti','ilisesti'),(2877,35,'Ipotesti','ipotesti'),(2878,35,'Izvoarele Sucevei','izvoarele-sucevei'),(2879,35,'Malini','malini'),(2880,35,'Manastirea Humorului','manastirea-humorului'),(2881,35,'Marginea','marginea'),(2882,35,'Mitocu Dragomirnei','mitocu-dragomirnei'),(2883,35,'Moara','moara'),(2884,35,'Moldova-Sulita','moldova-sulita'),(2885,35,'Moldovita','moldovita'),(2886,35,'Musenita','musenita'),(2887,35,'Ostra','ostra'),(2888,35,'Paltinoasa','paltinoasa'),(2889,35,'Panaci','panaci'),(2890,35,'Partestii de Jos','partestii-de-jos'),(2891,35,'Patrauti','patrauti'),(2892,35,'Poiana Stampei','poiana-stampei'),(2893,35,'Poieni-Solca','poieni-solca'),(2894,35,'Pojorata','pojorata'),(2895,35,'Preutesti','preutesti'),(2896,35,'Putna','putna'),(2897,35,'Radaseni','radaseni'),(2898,35,'Rasca','rasca'),(2899,35,'Sadova','sadova'),(2900,35,'Saru Dornei','saru-dornei'),(2901,35,'Satu Mare','satu-mare'),(2902,35,'Scheia','scheia'),(2903,35,'Serbauti','serbauti'),(2904,35,'Siminicea','siminicea'),(2905,35,'Slatina','slatina'),(2906,35,'Straja','straja'),(2907,35,'Stroiesti','stroiesti'),(2908,35,'Stulpicani','stulpicani'),(2909,35,'Sucevita','sucevita'),(2910,35,'Todiresti','todiresti'),(2911,35,'Udesti','udesti'),(2912,35,'Ulma','ulma'),(2913,35,'Vadu Moldovei','vadu-moldovei'),(2914,35,'Valea Moldovei','valea-moldovei'),(2915,35,'Vama','vama'),(2916,35,'Vatra Moldovitei','vatra-moldovitei'),(2917,35,'Veresti','veresti'),(2918,35,'Vicovu de Jos','vicovu-de-jos'),(2919,35,'Voitinel','voitinel'),(2920,35,'Volovat','volovat'),(2921,35,'Vulturesti','vulturesti'),(2922,35,'Zamostea','zamostea'),(2923,35,'Zvoristea','zvoristea'),(2924,37,'Buzias','buzias'),(2925,37,'Ciacova','ciacova'),(2926,37,'Deta','deta'),(2927,37,'Faget','faget'),(2928,37,'Gataia','gataia'),(2929,37,'Jimbolia','jimbolia'),(2930,37,'Lugoj','lugoj'),(2931,37,'Recas','recas'),(2932,37,'Sannicolau Mare','sannicolau-mare'),(2933,37,'Timisoara','timisoara'),(2934,37,'Balint','balint'),(2935,37,'Banloc','banloc'),(2936,37,'Bara','bara'),(2937,37,'Barna','barna'),(2938,37,'Beba Veche','beba-veche'),(2939,37,'Becicherecu Mic','becicherecu-mic'),(2940,37,'Belint','belint'),(2941,37,'Bethausen','bethausen'),(2942,37,'Biled','biled'),(2943,37,'Birda','birda'),(2944,37,'Bogda','bogda'),(2945,37,'Boldur','boldur'),(2946,37,'Brestovat','brestovat'),(2947,37,'Bucovat','bucovat'),(2948,37,'Carpinis','carpinis'),(2949,37,'Cenad','cenad'),(2950,37,'Cenei','cenei'),(2951,37,'Checea','checea'),(2952,37,'Cheveresu Mare','cheveresu-mare'),(2953,37,'Comlosu Mare','comlosu-mare'),(2954,37,'Costeiu','costeiu'),(2955,37,'Criciova','criciova'),(2956,37,'Curtea','curtea'),(2957,37,'Darova','darova'),(2958,37,'Denta','denta'),(2959,37,'Dudestii Noi','dudestii-noi'),(2960,37,'Dudestii Vechi','dudestii-vechi'),(2961,37,'Dumbrava','dumbrava'),(2962,37,'Dumbravita','dumbravita'),(2963,37,'Fardea','fardea'),(2964,37,'Fibis','fibis'),(2965,37,'Foeni','foeni'),(2966,37,'Gavojdia','gavojdia'),(2967,37,'Ghilad','ghilad'),(2968,37,'Ghiroda','ghiroda'),(2969,37,'Ghizela','ghizela'),(2970,37,'Giarmata','giarmata'),(2971,37,'Giera','giera'),(2972,37,'Giroc','giroc'),(2973,37,'Giulvaz','giulvaz'),(2974,37,'Gottlob','gottlob'),(2975,37,'Iecea Mare','iecea-mare'),(2976,37,'Jamu Mare','jamu-mare'),(2977,37,'Jebel','jebel'),(2978,37,'Lenauheim','lenauheim'),(2979,37,'Liebling','liebling'),(2980,37,'Livezile','livezile'),(2981,37,'Lovrin','lovrin'),(2982,37,'Manastiur','manastiur'),(2983,37,'Margina','margina'),(2984,37,'Masloc','masloc'),(2985,37,'Moravita','moravita'),(2986,37,'Mosnita','mosnita'),(2987,37,'Mosnita Noua','mosnita-noua'),(2988,37,'Nadrag','nadrag'),(2989,37,'Nitchidorf','nitchidorf'),(2990,37,'Ohaba Lunga','ohaba-lunga'),(2991,37,'Ortisoara','ortisoara'),(2992,37,'Otelec','otelec'),(2993,37,'Padureni','padureni'),(2994,37,'Parta','parta'),(2995,37,'Peciu Nou','peciu-nou'),(2996,37,'Periam','periam'),(2997,37,'Pesac','pesac'),(2998,37,'Pietroasa','pietroasa'),(2999,37,'Pischia','pischia'),(3000,37,'Racovita','racovita'),(3001,37,'Remetea Mare','remetea-mare'),(3002,37,'Sacalaz','sacalaz'),(3003,37,'Sacosu Turcesc','sacosu-turcesc'),(3004,37,'Sag','sag'),(3005,37,'Sanandrei','sanandrei'),(3006,37,'Sandra','sandra'),(3007,37,'Sanmihaiu Roman','sanmihaiu-roman'),(3008,37,'Sanpetru Mare','sanpetru-mare'),(3009,37,'Saravale','saravale'),(3010,37,'Satchinez','satchinez'),(3011,37,'Secas','secas'),(3012,37,'Stiuca','stiuca'),(3013,37,'Teremia Mare','teremia-mare'),(3014,37,'Tomesti','tomesti'),(3015,37,'Tomnatic','tomnatic'),(3016,37,'Topolovatu Mare','topolovatu-mare'),(3017,37,'Tormac','tormac'),(3018,37,'Traian Vuia','traian-vuia'),(3019,37,'Uivar','uivar'),(3020,37,'Valcani','valcani'),(3021,37,'Varias','varias'),(3022,37,'Victor Vlad Delamarina','victor-vlad-delamarina'),(3023,37,'Voiteg','voiteg'),(3024,39,'Babeni','babeni'),(3025,39,'Baile Govora','baile-govora'),(3026,39,'Baile Olanesti','baile-olanesti'),(3027,39,'Balcesti','balcesti'),(3028,39,'Berbesti','berbesti'),(3029,39,'Brezoi','brezoi'),(3030,39,'Calimanesti','calimanesti'),(3031,39,'Dragasani','dragasani'),(3032,39,'Horezu','horezu'),(3033,39,'Ocnele Mari','ocnele-mari'),(3034,39,'Ramnicu Valcea','ramnicu-valcea'),(3035,39,'Alunu','alunu'),(3036,39,'Amarasti','amarasti'),(3037,39,'Barbatesti','barbatesti'),(3038,39,'Berislavesti','berislavesti'),(3039,39,'Boisoara','boisoara'),(3040,39,'Budesti','budesti'),(3041,39,'Bujoreni','bujoreni'),(3042,39,'Bunesti','bunesti'),(3043,39,'Caineni','caineni'),(3044,39,'Cernisoara','cernisoara'),(3045,39,'Copaceni','copaceni'),(3046,39,'Costesti','costesti'),(3047,39,'Creteni','creteni'),(3048,39,'Daesti','daesti'),(3049,39,'Danicei','danicei'),(3050,39,'Diculesti','diculesti'),(3051,39,'Dragoesti','dragoesti'),(3052,39,'Fartatesti','fartatesti'),(3053,39,'Fauresti','fauresti'),(3054,39,'Francesti','francesti'),(3055,39,'Galicea','galicea'),(3056,39,'Ghioroiu','ghioroiu'),(3057,39,'Glavile','glavile'),(3058,39,'Golesti','golesti'),(3059,39,'Gradistea','gradistea'),(3060,39,'Gusoeni','gusoeni'),(3061,39,'Ionesti','ionesti'),(3062,39,'Lacusteni','lacusteni'),(3063,39,'Ladesti','ladesti'),(3064,39,'Lalosu','lalosu'),(3065,39,'Lapusata','lapusata'),(3066,39,'Livezi','livezi'),(3067,39,'Lungesti','lungesti'),(3068,39,'Maciuca','maciuca'),(3069,39,'Madulari','madulari'),(3070,39,'Malaia','malaia'),(3071,39,'Maldaresti','maldaresti'),(3072,39,'Mateesti','mateesti'),(3073,39,'Mihaesti','mihaesti'),(3074,39,'Milcoiu','milcoiu'),(3075,39,'Mitrofani','mitrofani'),(3076,39,'Muereasca','muereasca'),(3077,39,'Nicolae Balcescu','nicolae-balcescu'),(3078,39,'Olanu','olanu'),(3079,39,'Orlesti','orlesti'),(3080,39,'Otesani','otesani'),(3081,39,'Pausesti-Maglasi','pausesti-maglasi'),(3082,39,'Pausesti','pausesti'),(3083,39,'Perisani','perisani'),(3084,39,'Pesceana','pesceana'),(3085,39,'Pietrari','pietrari'),(3086,39,'Popesti','popesti'),(3087,39,'Prundeni','prundeni'),(3088,39,'Racovita','racovita'),(3089,39,'Roesti','roesti'),(3090,39,'Rosiile','rosiile'),(3091,39,'Runcu','runcu'),(3092,39,'Salatrucel','salatrucel'),(3093,39,'Scundu','scundu'),(3094,39,'Sinesti','sinesti'),(3095,39,'Sirineasa','sirineasa'),(3096,39,'Slatioara','slatioara'),(3097,39,'Stanesti','stanesti'),(3098,39,'Stefanesti','stefanesti'),(3099,39,'Stoenesti','stoenesti'),(3100,39,'Stoilesti','stoilesti'),(3101,39,'Stroesti','stroesti'),(3102,39,'Susani','susani'),(3103,39,'Sutesti','sutesti'),(3104,39,'Tetoiu','tetoiu'),(3105,39,'Titesti','titesti'),(3106,39,'Tomsani','tomsani'),(3107,39,'Vaideeni','vaideeni'),(3108,39,'Valea Mare','valea-mare'),(3109,39,'Vladesti','vladesti'),(3110,39,'Voicesti','voicesti'),(3111,39,'Voineasa','voineasa'),(3112,39,'Zatreni','zatreni'),(3113,41,'Adjud','adjud'),(3114,41,'Focsani','focsani'),(3115,41,'Marasesti','marasesti'),(3116,41,'Odobesti','odobesti'),(3117,41,'Panciu','panciu'),(3118,41,'Andreiasu de Jos','andreiasu-de-jos'),(3119,41,'Barsesti','barsesti'),(3120,41,'Biliesti','biliesti'),(3121,41,'Boghesti','boghesti'),(3122,41,'Bolotesti','bolotesti'),(3123,41,'Bordesti','bordesti'),(3124,41,'Brosteni','brosteni'),(3125,41,'Campineanca','campineanca'),(3126,41,'Campuri','campuri'),(3127,41,'Carligele','carligele'),(3128,41,'Chiojdeni','chiojdeni'),(3129,41,'Ciorasti','ciorasti'),(3130,41,'Corbita','corbita'),(3131,41,'Cotesti','cotesti'),(3132,41,'Dumbraveni','dumbraveni'),(3133,41,'Dumitresti','dumitresti'),(3134,41,'Fitionesti','fitionesti'),(3135,41,'Garoafa','garoafa'),(3136,41,'Golesti','golesti'),(3137,41,'Gologanu','gologanu'),(3138,41,'Gugesti','gugesti'),(3139,41,'Gura Calitei','gura-calitei'),(3140,41,'Homocea','homocea'),(3141,41,'Jaristea','jaristea'),(3142,41,'Jitia','jitia'),(3143,41,'Maicanesti','maicanesti'),(3144,41,'Mera','mera'),(3145,41,'Milcovul','milcovul'),(3146,41,'Movilita','movilita'),(3147,41,'Nanesti','nanesti'),(3148,41,'Naruja','naruja'),(3149,41,'Negrilesti','negrilesti'),(3150,41,'Nereju','nereju'),(3151,41,'Nistoresti','nistoresti'),(3152,41,'Obrejita','obrejita'),(3153,41,'Paltin','paltin'),(3154,41,'Paulesti','paulesti'),(3155,41,'Paunesti','paunesti'),(3156,41,'Ploscuteni','ploscuteni'),(3157,41,'Poiana Cristei','poiana-cristei'),(3158,41,'Popesti','popesti'),(3159,41,'Pufesti','pufesti'),(3160,41,'Racoasa','racoasa'),(3161,41,'Rastoaca','rastoaca'),(3162,41,'Reghiu','reghiu'),(3163,41,'Ruginesti','ruginesti'),(3164,41,'Sihlea','sihlea'),(3165,41,'Slobozia Bradului','slobozia-bradului'),(3166,41,'Slobozia Ciorasti','slobozia-ciorasti'),(3167,41,'Soveja','soveja'),(3168,41,'Spulber','spulber'),(3169,41,'Straoane','straoane'),(3170,41,'Suraia','suraia'),(3171,41,'Tamboesti','tamboesti'),(3172,41,'Tanasoaia','tanasoaia'),(3173,41,'Tataranu','tataranu'),(3174,41,'Tifesti','tifesti'),(3175,41,'Tulnici','tulnici'),(3176,41,'Urechesti','urechesti'),(3177,41,'Valea Sarii','valea-sarii'),(3178,41,'Vanatori','vanatori'),(3179,41,'Vartescoiu','vartescoiu'),(3180,41,'Vidra','vidra'),(3181,41,'Vintileasca','vintileasca'),(3182,41,'Vizantea-Livezi','vizantea-livezi'),(3183,41,'Vrancioaia','vrancioaia'),(3184,41,'Vulturu','vulturu');
/*!40000 ALTER TABLE `ro_city` ENABLE KEYS */;
UNLOCK TABLES;

--
-- Table structure for table `ro_county`
--

DROP TABLE IF EXISTS `ro_county`;
/*!40101 SET @saved_cs_client     = @@character_set_client */;
/*!40101 SET character_set_client = utf8 */;
CREATE TABLE `ro_county` (
  `id` int(11) NOT NULL AUTO_INCREMENT,
  `name` varchar(255) COLLATE utf8_unicode_ci NOT NULL,
  `slug` varchar(255) COLLATE utf8_unicode_ci DEFAULT NULL,
  PRIMARY KEY (`id`)
) ENGINE=InnoDB AUTO_INCREMENT=54 DEFAULT CHARSET=utf8 COLLATE=utf8_unicode_ci;
/*!40101 SET character_set_client = @saved_cs_client */;

--
-- Dumping data for table `ro_county`
--

LOCK TABLES `ro_county` WRITE;
/*!40000 ALTER TABLE `ro_county` DISABLE KEYS */;
INSERT INTO `ro_county` VALUES (1,'Alba','alba'),(2,'Arad','arad'),(3,'Arges','arges'),(4,'Bacau','bacau'),(5,'Bihor','bihor'),(6,'Bistrita-Nasaud','bistrita-nasaud'),(7,'Botosani','botosani'),(8,'Braila','braila'),(9,'Brasov','brasov'),(10,'Buzau','buzau'),(11,'Calarasi','calarasi'),(12,'Caras-Severin','caras-severin'),(13,'Cluj','cluj'),(14,'Constanta','constanta'),(15,'Covasna','covasna'),(16,'Dambovita','dambovita'),(17,'Dolj','dolj'),(18,'Galati','galati'),(19,'Giurgiu','giurgiu'),(20,'Gorj','gorj'),(21,'Harghita','harghita'),(22,'Hunedoara','hunedoara'),(23,'Ialomita','ialomita'),(24,'Iasi','iasi'),(25,'Ilfov','ilfov'),(26,'Maramures','maramures'),(27,'Mehedinti','mehedinti'),(28,'Mures','mures'),(29,'Neamt','neamt'),(30,'Olt','olt'),(31,'Prahova','prahova'),(32,'Salaj','salaj'),(33,'Satu Mare','satu-mare'),(34,'Sibiu','sibiu'),(35,'Suceava','suceava'),(36,'Teleorman','teleorman'),(37,'Timis','timis'),(38,'Tulcea','tulcea'),(39,'Valcea','valcea'),(40,'Vaslui','vaslui'),(41,'Vrancea','vrancea'),(53,'BUCURESTI','bucuresti');
/*!40000 ALTER TABLE `ro_county` ENABLE KEYS */;
UNLOCK TABLES;

--
-- Table structure for table `roarea_ad`
--

DROP TABLE IF EXISTS `roarea_ad`;
/*!40101 SET @saved_cs_client     = @@character_set_client */;
/*!40101 SET character_set_client = utf8 */;
CREATE TABLE `roarea_ad` (
  `roarea_id` int(11) NOT NULL,
  `ad_id` int(11) NOT NULL,
  PRIMARY KEY (`roarea_id`,`ad_id`),
  KEY `IDX_D92D580011F4D208` (`roarea_id`),
  KEY `IDX_D92D58004F34D596` (`ad_id`),
  CONSTRAINT `FK_D92D580011F4D208` FOREIGN KEY (`roarea_id`) REFERENCES `ro_area` (`id`) ON DELETE CASCADE,
  CONSTRAINT `FK_D92D58004F34D596` FOREIGN KEY (`ad_id`) REFERENCES `ad` (`id`) ON DELETE CASCADE
) ENGINE=InnoDB DEFAULT CHARSET=utf8 COLLATE=utf8_unicode_ci;
/*!40101 SET character_set_client = @saved_cs_client */;

--
-- Dumping data for table `roarea_ad`
--

LOCK TABLES `roarea_ad` WRITE;
/*!40000 ALTER TABLE `roarea_ad` DISABLE KEYS */;
/*!40000 ALTER TABLE `roarea_ad` ENABLE KEYS */;
UNLOCK TABLES;

--
-- Table structure for table `roarea_rocounty`
--

DROP TABLE IF EXISTS `roarea_rocounty`;
/*!40101 SET @saved_cs_client     = @@character_set_client */;
/*!40101 SET character_set_client = utf8 */;
CREATE TABLE `roarea_rocounty` (
  `roarea_id` int(11) NOT NULL,
  `rocounty_id` int(11) NOT NULL,
  PRIMARY KEY (`roarea_id`,`rocounty_id`),
  KEY `IDX_70B2604111F4D208` (`roarea_id`),
  KEY `IDX_70B260418ECB2EC8` (`rocounty_id`),
  CONSTRAINT `FK_70B2604111F4D208` FOREIGN KEY (`roarea_id`) REFERENCES `ro_area` (`id`) ON DELETE CASCADE,
  CONSTRAINT `FK_70B260418ECB2EC8` FOREIGN KEY (`rocounty_id`) REFERENCES `ro_county` (`id`) ON DELETE CASCADE
) ENGINE=InnoDB DEFAULT CHARSET=utf8 COLLATE=utf8_unicode_ci;
/*!40101 SET character_set_client = @saved_cs_client */;

--
-- Dumping data for table `roarea_rocounty`
--

LOCK TABLES `roarea_rocounty` WRITE;
/*!40000 ALTER TABLE `roarea_rocounty` DISABLE KEYS */;
INSERT INTO `roarea_rocounty` VALUES (1,4),(1,7),(1,24),(1,29),(1,35),(1,40),(2,8),(2,10),(2,14),(2,18),(2,38),(2,41),(3,3),(3,11),(3,16),(3,19),(3,23),(3,31),(3,36),(4,17),(4,20),(4,27),(4,30),(4,39),(5,2),(5,12),(5,22),(5,37),(6,5),(6,6),(6,13),(6,26),(6,32),(6,33),(7,1),(7,9),(7,15),(7,21),(7,28),(7,34),(8,25),(8,53);
/*!40000 ALTER TABLE `roarea_rocounty` ENABLE KEYS */;
UNLOCK TABLES;

--
-- Table structure for table `sub_domain`
--

DROP TABLE IF EXISTS `sub_domain`;
/*!40101 SET @saved_cs_client     = @@character_set_client */;
/*!40101 SET character_set_client = utf8 */;
CREATE TABLE `sub_domain` (
  `id` int(11) NOT NULL AUTO_INCREMENT,
  `domain_id` int(11) DEFAULT NULL,
  `name` varchar(255) COLLATE utf8_unicode_ci NOT NULL,
  `description` longtext COLLATE utf8_unicode_ci,
  `deleted` tinyint(1) NOT NULL DEFAULT '0',
  `deleted_at` datetime DEFAULT NULL,
  `slug` varchar(255) COLLATE utf8_unicode_ci DEFAULT NULL,
  PRIMARY KEY (`id`),
  KEY `IDX_15F85147115F0EE5` (`domain_id`),
  CONSTRAINT `FK_15F85147115F0EE5` FOREIGN KEY (`domain_id`) REFERENCES `domain` (`id`)
) ENGINE=InnoDB AUTO_INCREMENT=44 DEFAULT CHARSET=utf8 COLLATE=utf8_unicode_ci;
/*!40101 SET character_set_client = @saved_cs_client */;

--
-- Dumping data for table `sub_domain`
--

LOCK TABLES `sub_domain` WRITE;
/*!40000 ALTER TABLE `sub_domain` DISABLE KEYS */;
INSERT INTO `sub_domain` VALUES (1,1,'Legislatie SSM','Obligatiile legale ale firmelor in domeniul SSM, in functie de activitate, numar de angajati. Legi, HG, Ordine, alte acte normative care reglementeaza activitatea SSM. Comentarii, interpretari, recomandari specifice activitatii SSM proprii Modele dinamice de Evaluari de risc pentru posturile de lucru clasice; puteti sa le actualizati cu datele specifice firmei Dv. Documente dinamice care se personalizeaza utilizand meniuri de actualizare: Plan de Prevenire si Protectie (PPP)  Instructiuni proprii Tematici de Instruire Program de instruire Decizii, convocatoare, modele de alte documente care se pot personaliza si edita online. Obligatii legate de medicina muncii. Explicatii / exemple / Indrumari despre Echipamente individuale de  protectie (EIP) Semnalizare SSM RSVTI PRAM Prim ajutor CSSM Rapoarte care se pot actualiza/vizualiza/edita/arhiva online; Instruire Introductiv-Generala. Prezentari si fisiere Powerpoint; Filme pentru instruiri online; Teste pentru verificarea cunostintelor; Modele dinamice cu instructiuni pentru completarea fiselor de instruire individula SSM; Modele statice pentru vizualizarea anumitor formulare/fise de instruire / raportari / etc; Link-uri utile spre site-urile autoritatilor care reglementeaza domeniul SSM; Link-uri utile spre site-urile furnizorilor de servicii/echipamente pentru domeniul SSM; Orice document se poate imprima in forma personalizata.',0,NULL,'legislatiessm'),(2,1,'Evaluare de risc','Obligatiile legale ale firmelor in domeniul SSM, in functie de activitate, numar de angajati. Legi, HG, Ordine, alte acte normative care reglementeaza activitatea SSM. Comentarii, interpretari, recomandari specifice activitatii SSM proprii Modele dinamice de Evaluari de risc pentru posturile de lucru clasice; puteti sa le actualizati cu datele specifice firmei Dv. Documente dinamice care se personalizeaza utilizand meniuri de actualizare: Plan de Prevenire si Protectie (PPP) Instructiuni proprii Tematici de Instruire Program de instruire Decizii, convocatoare, modele de alte documente care se pot personaliza si edita online. Obligatii legate de medicina muncii. Explicatii / exemple / Indrumari despre',0,NULL,'evaluarederisc'),(3,1,'Documentatie SSM','Obligatiile legale ale firmelor in domeniul SSM, in functie de activitate, numar de angajati. Legi, HG, Ordine, alte acte normative care reglementeaza activitatea SSM. Comentarii, interpretari, recomandari specifice activitatii SSM proprii Modele dinamice de Evaluari de risc pentru posturile de lucru clasice; puteti sa le actualizati cu datele specifice firmei Dv. Documente dinamice care se personalizeaza utilizand meniuri de actualizare:',0,NULL,'documentatiessm'),(4,1,'Responsabil SSM','Lorem Ipsum',0,NULL,'responsabilssm'),(5,1,'Instruiri','Lorem Ipsum',0,NULL,'instruiri'),(6,1,'Medicina muncii','Lorem Ipsum',0,NULL,'medicinamuncii'),(7,1,'EIP','Lorem Ipsum',0,NULL,'eip'),(8,1,'RSVTI','Lorem Ipsum',0,NULL,'rsvti'),(9,1,'PRAM','Lorem Ipsum',0,NULL,'pram'),(10,1,'Semnalizare','Lorem Ipsum',0,NULL,'semnalizare'),(11,1,'Testare SSM','Lorem Ipsum',0,NULL,'testaressm'),(12,1,'CSSM','Lorem Ipsum',0,NULL,'cssm'),(13,1,'Prim Ajutor','Lorem Ipsum',0,NULL,'primajutor'),(14,1,'Accidente de munca','Lorem Ipsum',0,NULL,'accidentedemunca'),(15,2,'Legislatie PSI','Obligatiile legale ale firmelor in domeniul SSM, in functie de activitate, numar de angajati. Legi, HG, Ordine, alte acte normative care reglementeaza activitatea SSM. Comentarii, interpretari, recomandari specifice activitatii SSM proprii Modele dinamice de Evaluari de risc pentru posturile de lucru clasice; puteti sa le actualizati cu datele specifice firmei Dv. Documente dinamice care se personalizeaza utilizand meniuri de actualizare: Plan de Prevenire si Protectie (PPP); Instructiuni proprii Tematici de Instruire Program de instruire Decizii, convocatoare, modele de alte documente care se pot personaliza si edita online. Obligatii legate de medicina muncii. Explicatii / exemple / Indrumari despre',0,NULL,'legislatiepsi'),(16,2,'Legislatie SU','Obligatiile legale ale firmelor in domeniul SSM, in functie de activitate, numar de angajati. Legi, HG, Ordine, alte acte normative care reglementeaza activitatea SSM. Comentarii, interpretari, recomandari specifice activitatii SSM proprii Modele dinamice de Evaluari de risc pentru posturile de lucru clasice; puteti sa le actualizati cu datele specifice firmei Dv. Documente dinamice care se personalizeaza utilizand meniuri de actualizare: Decizii, convocatoare, modele de alte documente care se pot personaliza si edita online. Obligatii legate de medicina muncii. Explicatii / exemple / Indrumari despre',0,NULL,'legislatiesu'),(17,2,'Documentatie PSI','Lorem Ipsum',0,NULL,'documentatiepsi'),(18,2,'Documentatie SU','Lorem Ipsum',0,NULL,'documentatiesu'),(19,2,'Responsabil PSI','Lorem Ipsum',0,NULL,'responsabilpsi'),(20,2,'Instruiri','Lorem Ipsum',0,NULL,'instruiri'),(21,3,'Legislatie Mediu','Obligatiile legale ale firmelor in domeniul SSM, in functie de activitate, numar de angajati. Legi, HG, Ordine, alte acte normative care reglementeaza activitatea SSM. Comentarii, interpretari, recomandari specifice activitatii SSM proprii Modele dinamice de Evaluari de risc pentru posturile de lucru clasice; puteti sa le actualizati cu datele specifice firmei Dv. Documente dinamice care se personalizeaza utilizand meniuri de actualizare: Rapoarte care se pot actualiza/vizualiza/edita/arhiva online; Instruire Introductiv-Generala. Prezentari si fisiere Powerpoint; Filme pentru instruiri online; Teste pentru verificarea cunostintelor; Modele dinamice cu instructiuni pentru completarea fiselor de instruire individula SSM; Modele statice pentru vizualizarea anumitor formulare/fise de instruire / raportari / etc; Link-uri utile spre site-urile autoritatilor care reglementeaza domeniul SSM; Link-uri utile spre site-urile furnizorilor de servicii/echipamente pentru domeniul SSM; Orice document se poate imprima in forma personalizata.',0,NULL,'legislatiemediu'),(22,3,'Autorizatia de Mediu','Obligatiile legale ale firmelor in domeniul SSM, in functie de activitate, numar de angajati. Legi, HG, Ordine, alte acte normative care reglementeaza activitatea SSM. Comentarii, interpretari, recomandari specifice activitatii SSM proprii Modele dinamice de Evaluari de risc pentru posturile de lucru clasice; puteti sa le actualizati cu datele specifice firmei Dv. Documente dinamice care se personalizeaza utilizand meniuri de actualizare:',0,NULL,'autorizatiademediu'),(23,3,'Deseuri','Lorem Ipsum',0,NULL,'deseuri'),(24,3,'Fondul de Mediu','Lorem Ipsum',0,NULL,'fonduldemediu'),(25,3,'ISO 14001','Lorem Ipsum',0,NULL,'iso14001'),(26,4,'Legislatie HR','Rapoarte care se pot actualiza/vizualiza/edita/arhiva online; Instruire Introductiv-Generala. Prezentari si fisiere Powerpoint; Filme pentru instruiri online; Teste pentru verificarea cunostintelor; Modele dinamice cu instructiuni pentru completarea fiselor de instruire individula SSM; Modele statice pentru vizualizarea anumitor formulare/fise de instruire / raportari / etc; Link-uri utile spre site-urile autoritatilor care reglementeaza domeniul SSM; Link-uri utile spre site-urile furnizorilor de servicii/echipamente pentru domeniul SSM; Orice document se poate imprima in forma personalizata.',0,NULL,'legislatiehr'),(27,4,'Revisal','Obligatiile legale ale firmelor in domeniul SSM, in functie de activitate, numar de angajati. Legi, HG, Ordine, alte acte normative care reglementeaza activitatea SSM. Comentarii, interpretari, recomandari specifice activitatii SSM proprii Modele dinamice de Evaluari de risc pentru posturile de lucru clasice; puteti sa le actualizati cu datele specifice firmei Dv. Documente dinamice care se personalizeaza utilizand meniuri de actualizare: Decizii, convocatoare, modele de alte documente care se pot personaliza si edita online. Obligatii legate de medicina muncii. Explicatii / exemple / Indrumari despre',0,NULL,'revisal'),(28,4,'Contracte de munca','Obligatiile legale ale firmelor in domeniul SSM, in functie de activitate, numar de angajati. Legi, HG, Ordine, alte acte normative care reglementeaza activitatea SSM. Comentarii, interpretari, recomandari specifice activitatii SSM proprii Modele dinamice de Evaluari de risc pentru posturile de lucru clasice; puteti sa le actualizati cu datele specifice firmei Dv. Documente dinamice care se personalizeaza utilizand meniuri de actualizare:',0,NULL,'contractedemunca'),(29,4,'Raporturi de munca','Lorem Ipsum',0,NULL,'raporturidemunca'),(30,4,'Fisa de post','Lorem Ipsum',0,NULL,'fisadepost'),(31,4,'Instruire personal','Lorem Ipsum',0,NULL,'instruirepersonal'),(32,4,'Motivare personal','Lorem Ipsum',0,NULL,'motivarepersonal'),(33,4,'Evaluare personal','Lorem Ipsum',0,NULL,'evaluarepersonal'),(34,5,'Organigrama','Obligatiile legale ale firmelor in domeniul SSM, in functie de activitate, numar de angajati. Legi, HG, Ordine, alte acte normative care reglementeaza activitatea SSM. Comentarii, interpretari, recomandari specifice activitatii SSM proprii Modele dinamice de Evaluari de risc pentru posturile de lucru clasice; puteti sa le actualizati cu datele specifice firmei Dv. Documente dinamice care se personalizeaza utilizand meniuri de actualizare:',0,NULL,'organigrama'),(35,5,'ROI','Obligatiile legale ale firmelor in domeniul SSM, in functie de activitate, numar de angajati. Legi, HG, Ordine, alte acte normative care reglementeaza activitatea SSM. Comentarii, interpretari, recomandari specifice activitatii SSM proprii',0,NULL,'roi'),(36,5,'Sisteme de management','Obligatiile legale ale firmelor in domeniul SSM, in functie de activitate, numar de angajati. Legi, HG, Ordine, alte acte normative care reglementeaza activitatea SSM. Comentarii, interpretari, recomandari specifice activitatii SSM proprii Modele dinamice de Evaluari de risc pentru posturile de lucru clasice; puteti sa le actualizati cu datele specifice firmei Dv. Documente dinamice care se personalizeaza utilizand meniuri de actualizare:',0,NULL,'sistemedemanagement'),(37,5,'Contracte','Lorem Ipsum',0,NULL,'contracte'),(38,5,'Plan de afaceri','Lorem Ipsum',0,NULL,'plandeafaceri'),(39,5,'Metode de finantare','Lorem Ipsum',0,NULL,'metodedefinantare'),(40,5,'Marketing','Lorem Ipsum',0,NULL,'marketing'),(41,5,'Publicitate','Lorem Ipsum',0,NULL,'publicitate'),(42,6,'Evaluari SSM','Lorem Ipsum',0,NULL,'evaluarissm'),(43,6,'PPP','Lorem Ipsum',0,NULL,'ppp');
/*!40000 ALTER TABLE `sub_domain` ENABLE KEYS */;
UNLOCK TABLES;

--
-- Table structure for table `subscription`
--

DROP TABLE IF EXISTS `subscription`;
/*!40101 SET @saved_cs_client     = @@character_set_client */;
/*!40101 SET character_set_client = utf8 */;
CREATE TABLE `subscription` (
  `id` int(11) NOT NULL AUTO_INCREMENT,
  `name` varchar(255) COLLATE utf8_unicode_ci NOT NULL,
  `intro` longtext COLLATE utf8_unicode_ci,
  `description` longtext COLLATE utf8_unicode_ci,
  `domain_amount` int(11) NOT NULL,
  `price` decimal(10,2) NOT NULL,
  `credit` int(11) NOT NULL,
  `valability` int(11) NOT NULL,
  `deleted` tinyint(1) NOT NULL DEFAULT '0',
  `deleted_at` datetime DEFAULT NULL,
  PRIMARY KEY (`id`)
) ENGINE=InnoDB AUTO_INCREMENT=6 DEFAULT CHARSET=utf8 COLLATE=utf8_unicode_ci;
/*!40101 SET character_set_client = @saved_cs_client */;

--
-- Dumping data for table `subscription`
--

LOCK TABLES `subscription` WRITE;
/*!40000 ALTER TABLE `subscription` DISABLE KEYS */;
INSERT INTO `subscription` VALUES (1,'Start','Abonamentul START va permite accesul la unul din domeniile de mai jos.<br/> Va rugam sa bifati domeniul ales','Este recomandat firmelor mici cu pana la 9 angajati, care implica un numar de maxim 2 posturi, in special in domeniul serviciilor sau comertului. Permite rezolvarea integrala si generarea documentelor necesare in domeniul ales.',1,300.00,25,1,0,NULL),(2,'Office','Abonamentul OFFICE va permite accesul la 2 din domeniile de mai jos.<br/> Va rugam sa bifati domeniul ales','Este recomandat firmelor mici cu pana la 9 angajati, care implica un numar mai mare de 3 posturi, in domeniul serviciilor, comertului sau microproductiei. Permite rezolvarea integrala si generarea documentelor necesare in domeniile alese.',2,600.00,56,1,0,NULL),(3,'Enterprise','Abonamentul ENTERPRISE va permite accesul la 3 din domeniile de mai jos.<br/> Va rugam sa bifati domeniul ales','Este recomandat firmelor cu 10-49 angajati, care implica un numar mai mare de 3 posturi, in domeniul productiei, serviciilor si comertului. Permite rezolvarea integrala si generarea documentelor necesare in domeniile alese.',3,800.00,79,1,0,NULL),(4,'Business','Abonamentul BUSINESS va permite accesul la toate cele 5 domenii de mai jos.','Este recomandat firmelor mici cu pana la 9 angajati, care implica un numar mai mare de 3 posturi, in domeniul serviciilor, comertului sau microproductiei. Permite rezolvarea integrala si generarea documentelor necesare in domeniile alese.',5,1000.00,112,1,0,NULL),(5,'Expert','<p>Abonamentul EXPERT va permite accesul la domeniul SSM - E</p><p>Este recomandat pentru :</p><ul class=\"list-check forspacing\"><li><i class=\"fa fa-check\"></i> Firme acreditate ca si Serviciu Extern SSM</li><li><i class=\"fa fa-check\"></i> Firme cu peste 50 de angajati care au Serviciu Intern SSM</li><li><i class=\"fa fa-check\"></i> Firme cu pana la 50 de angajati care au Lucrator Desemnat SSM</li></ul><p>Pentru achizitia abonamentului, va rugam sa completati datele persoanei abilitata SSM</p><p>Acest modul va permite sa generati propriile Evaluari de risc si Planul de prevenire si protectie aferent; utilizand template-uri realizate de Dv. sau de alti abonati. In acest mod munca de rutina este preluata de soft, iar Dv. trebuie doar sa personalizati documentele cu elementele specifice Firmei pentru care intocmiti documentatia.</p>','Permite generarea de Evaluari de Risc pentru orice tip de post, indiferent de domeniul de activitate: productie, constructii, comert, servicii.',1,500.00,50,1,0,NULL);
/*!40000 ALTER TABLE `subscription` ENABLE KEYS */;
UNLOCK TABLES;

--
-- Table structure for table `subscription_domain`
--

DROP TABLE IF EXISTS `subscription_domain`;
/*!40101 SET @saved_cs_client     = @@character_set_client */;
/*!40101 SET character_set_client = utf8 */;
CREATE TABLE `subscription_domain` (
  `subscription_id` int(11) NOT NULL,
  `domain_id` int(11) NOT NULL,
  PRIMARY KEY (`subscription_id`,`domain_id`),
  KEY `IDX_6E5F068C9A1887DC` (`subscription_id`),
  KEY `IDX_6E5F068C115F0EE5` (`domain_id`),
  CONSTRAINT `FK_6E5F068C115F0EE5` FOREIGN KEY (`domain_id`) REFERENCES `domain` (`id`) ON DELETE CASCADE,
  CONSTRAINT `FK_6E5F068C9A1887DC` FOREIGN KEY (`subscription_id`) REFERENCES `subscription` (`id`) ON DELETE CASCADE
) ENGINE=InnoDB DEFAULT CHARSET=utf8 COLLATE=utf8_unicode_ci;
/*!40101 SET character_set_client = @saved_cs_client */;

--
-- Dumping data for table `subscription_domain`
--

LOCK TABLES `subscription_domain` WRITE;
/*!40000 ALTER TABLE `subscription_domain` DISABLE KEYS */;
INSERT INTO `subscription_domain` VALUES (1,1),(1,2),(1,3),(1,4),(1,5),(2,1),(2,2),(2,3),(2,4),(2,5),(3,1),(3,2),(3,3),(3,4),(3,5),(4,1),(4,2),(4,3),(4,4),(4,5),(5,6);
/*!40000 ALTER TABLE `subscription_domain` ENABLE KEYS */;
UNLOCK TABLES;

--
-- Table structure for table `user_profile`
--

DROP TABLE IF EXISTS `user_profile`;
/*!40101 SET @saved_cs_client     = @@character_set_client */;
/*!40101 SET character_set_client = utf8 */;
CREATE TABLE `user_profile` (
  `id` int(11) NOT NULL AUTO_INCREMENT,
  `county_id` int(11) DEFAULT NULL,
  `city_id` int(11) DEFAULT NULL,
  `media_id` int(11) DEFAULT NULL,
  `user_id` int(11) DEFAULT NULL,
  `name` varchar(255) COLLATE utf8_unicode_ci DEFAULT NULL,
  `company` varchar(255) COLLATE utf8_unicode_ci DEFAULT NULL,
  `phone` varchar(255) COLLATE utf8_unicode_ci DEFAULT NULL,
  `no_employees` varchar(255) COLLATE utf8_unicode_ci DEFAULT '0',
  `bank` varchar(255) COLLATE utf8_unicode_ci DEFAULT NULL,
  `iban` varchar(255) COLLATE utf8_unicode_ci DEFAULT NULL,
  `cui` varchar(255) COLLATE utf8_unicode_ci DEFAULT NULL,
  `no_registration_orc` varchar(255) COLLATE utf8_unicode_ci DEFAULT NULL,
  `no_certified_empowerment` varchar(255) COLLATE utf8_unicode_ci DEFAULT NULL,
  `address` varchar(255) COLLATE utf8_unicode_ci DEFAULT NULL,
  `function` int(11) DEFAULT NULL,
  `demo_account` tinyint(1) DEFAULT '0',
  `deleted` tinyint(1) NOT NULL DEFAULT '0',
  `deleted_at` datetime DEFAULT NULL,
  PRIMARY KEY (`id`),
  UNIQUE KEY `UNIQ_D95AB405EA9FDD75` (`media_id`),
  UNIQUE KEY `UNIQ_D95AB405A76ED395` (`user_id`),
  KEY `IDX_D95AB40585E73F45` (`county_id`),
  KEY `IDX_D95AB4058BAC62AF` (`city_id`),
  CONSTRAINT `FK_D95AB40585E73F45` FOREIGN KEY (`county_id`) REFERENCES `ro_county` (`id`),
  CONSTRAINT `FK_D95AB4058BAC62AF` FOREIGN KEY (`city_id`) REFERENCES `ro_city` (`id`),
  CONSTRAINT `FK_D95AB405A76ED395` FOREIGN KEY (`user_id`) REFERENCES `fos_user_user` (`id`),
  CONSTRAINT `FK_D95AB405EA9FDD75` FOREIGN KEY (`media_id`) REFERENCES `media__media` (`id`)
) ENGINE=InnoDB AUTO_INCREMENT=7 DEFAULT CHARSET=utf8 COLLATE=utf8_unicode_ci;
/*!40101 SET character_set_client = @saved_cs_client */;

--
-- Dumping data for table `user_profile`
--

LOCK TABLES `user_profile` WRITE;
/*!40000 ALTER TABLE `user_profile` DISABLE KEYS */;
INSERT INTO `user_profile` VALUES (1,NULL,NULL,4,1,'SuperAdmin','PITECH+PLUS',NULL,NULL,NULL,NULL,NULL,NULL,NULL,NULL,4,NULL,0,NULL),(2,NULL,NULL,NULL,2,NULL,NULL,NULL,NULL,NULL,NULL,NULL,NULL,NULL,NULL,NULL,NULL,0,NULL),(3,1,81,NULL,3,'ANDREI TEST 12',NULL,'0740400667',NULL,NULL,NULL,NULL,NULL,NULL,NULL,4,NULL,0,NULL),(4,NULL,NULL,6,4,'Andrei Viorel','PITECH','0740400667',NULL,'ING','RO2345','ro1111','J11/12/2012','abcd','ala',1,NULL,0,NULL),(5,NULL,NULL,NULL,5,'Andrei Test 6','',NULL,NULL,NULL,NULL,NULL,NULL,NULL,NULL,0,1,0,NULL),(6,5,356,NULL,6,'Test Demo','Andrei VIorel','0740400667',NULL,'Tiriac','RO2345','6859662','J12/12/2004','AAAA','Rozelor 7',1,0,0,NULL);
/*!40000 ALTER TABLE `user_profile` ENABLE KEYS */;
UNLOCK TABLES;

--
-- Table structure for table `video`
--

DROP TABLE IF EXISTS `video`;
/*!40101 SET @saved_cs_client     = @@character_set_client */;
/*!40101 SET character_set_client = utf8 */;
CREATE TABLE `video` (
  `id` int(11) NOT NULL AUTO_INCREMENT,
  `media_id` int(11) DEFAULT NULL,
  `subdomain_id` int(11) DEFAULT NULL,
  `name` varchar(255) COLLATE utf8_unicode_ci NOT NULL,
  `credit_value` int(11) NOT NULL,
  `valability_days` int(11) DEFAULT NULL,
  `deleted` tinyint(1) NOT NULL DEFAULT '0',
  `deleted_at` datetime DEFAULT NULL,
  `youtube_link` varchar(255) COLLATE utf8_unicode_ci DEFAULT NULL,
  PRIMARY KEY (`id`),
  UNIQUE KEY `UNIQ_7CC7DA2CEA9FDD75` (`media_id`),
  KEY `IDX_7CC7DA2C8530A5DC` (`subdomain_id`),
  CONSTRAINT `FK_7CC7DA2C8530A5DC` FOREIGN KEY (`subdomain_id`) REFERENCES `sub_domain` (`id`),
  CONSTRAINT `FK_7CC7DA2CEA9FDD75` FOREIGN KEY (`media_id`) REFERENCES `media__media` (`id`)
) ENGINE=InnoDB AUTO_INCREMENT=5 DEFAULT CHARSET=utf8 COLLATE=utf8_unicode_ci;
/*!40101 SET character_set_client = @saved_cs_client */;

--
-- Dumping data for table `video`
--

LOCK TABLES `video` WRITE;
/*!40000 ALTER TABLE `video` DISABLE KEYS */;
INSERT INTO `video` VALUES (1,21,1,'Test Video',0,NULL,0,NULL,'https://www.youtube.com/watch?v=veevGd6jYiU'),(2,NULL,1,'tEST 2 vIDEO',2,12,0,NULL,'https://www.youtube.com/watch?v=mvG8NpNxDII'),(3,NULL,1,'Test 3 Video',2,12,0,NULL,'https://www.youtube.com/watch?v=68-_oE3wiys'),(4,22,1,'Andrei 4',1,43,0,NULL,'https://www.youtube.com/watch?v=5PrAybF5mJg');
/*!40000 ALTER TABLE `video` ENABLE KEYS */;
UNLOCK TABLES;
/*!40103 SET TIME_ZONE=@OLD_TIME_ZONE */;

/*!40101 SET SQL_MODE=@OLD_SQL_MODE */;
/*!40014 SET FOREIGN_KEY_CHECKS=@OLD_FOREIGN_KEY_CHECKS */;
/*!40014 SET UNIQUE_CHECKS=@OLD_UNIQUE_CHECKS */;
/*!40101 SET CHARACTER_SET_CLIENT=@OLD_CHARACTER_SET_CLIENT */;
/*!40101 SET CHARACTER_SET_RESULTS=@OLD_CHARACTER_SET_RESULTS */;
/*!40101 SET COLLATION_CONNECTION=@OLD_COLLATION_CONNECTION */;
/*!40111 SET SQL_NOTES=@OLD_SQL_NOTES */;

-- Dump completed on 2017-02-11 15:14:53
